None, None, None
0.20950317, -0.2118988, -0.95770264
-0.11013794, 2.6935577, -2.895874
2.9257965, 39.19667, -4.5024414
0.21548462, 1.9010468, 0.797287
0.29330444, -1.6544495, -0.8834839
0.111328125, 1.2198792, -0.092178345
0.529129, 19.478622, -0.371109
2.461319, 25.136292, -0.101760864
-0.30766296, -4.4042664, -3.1281128
0.8571472, 0.78053284, -0.524353
0.084991455, 7.200775, 1.9884491
4.2151184, 34.53502, -4.169632
-0.26696777, -4.5419464, -0.5985718
0.81884766, 0.22746277, -1.4102325
-0.1723938, 3.4453583, -4.0068207
-1.2964935, 39.0997, -7.7191467
0.966095, 2.3009033, 0.6045532
-0.4178009, -1.5682526, 0.1951294
0.65722656, 1.6352844, 0.91581726
6.6464996, 32.978745, -4.4126434
1.1109467, 9.84166, -0.9038391
-0.23583984, -2.8132782, 0.8535614
0.8679199, 0.60336304, -1.3479767
0.29689026, 16.000946, 1.5455017
1.589798, 27.231293, -0.65483093
0.12210083, -4.5299683, -1.053482
1.0067902, 0.9253845, -0.69673157
-0.3495636, 7.0762787, 2.399063
-0.14605713, 32.15152, -2.1129456
-0.28611755, -2.6540527, 0.84877014
-0.42977905, -0.2346344, -0.19033813
1.1827698, 4.513214, -2.201538
3.1269226, 38.673523, -4.170822
-0.06465149, -0.31724548, 1.1995392
-0.28851318, -0.88468933, -1.0798187
0.12449646, 1.2689667, -1.3096619
2.359558, 34.81395, -10.660507
1.4461365, 11.53801, -3.1352997
-0.25857544, -3.2957153, -0.4716797
0.98524475, 1.2988892, -1.2629852
-0.38787842, 13.933487, -4.3527985
1.4605103, 29.710556, -0.8224335
1.5957794, -4.5191956, -1.3252258
-0.089782715, -0.9996033, -1.0415039
0.03112793, 5.60141, 0.61053467
3.3902893, 34.505096, -3.2298737
0.4968109, 0.008377075, 1.2773438
0.03112793, -1.455719, 0.36631775
0.27534485, 1.9417572, -0.9301758
0.6201172, 38.97879, -8.497284
0.43096924, 3.077835, 1.4257965
-0.14605713, -2.7965088, -0.0023956299
0.23344421, 1.7765503, -1.227066
2.40625, 29.860199, -4.83165
1.3671265, 13.131393, -1.7095184
-0.45132446, -4.098999, 0.16879272
-0.26815796, 1.352768, 0.40821838
0.68595886, 15.496948, -0.16041565
1.3383942, 26.570465, -0.31724548
-0.56025696, -2.6229248, 0.11013794
0.292099, 0.32562256, -0.544693
-0.5111847, 12.241928, -1.3970642
1.4126282, 29.088043, -5.5643005
0.19154358, -2.0207672, -0.37350464
0.4285736, -0.54229736, -0.49801636
0.05267334, 5.642105, -0.3771057
2.1632233, 36.324738, -5.0124207
0.10295105, -0.57102966, 1.7813416
-0.20950317, -1.2761536, -0.31484985
0.25738525, 2.4325867, -1.4784698
1.306076, 38.738174, -3.5495148
2.4433594, 5.921036, -1.0917969
-0.1663971, -2.2745667, -0.59736633
1.148056, 1.0894012, 0.49801636
4.837631, 22.683365, -1.7059174
1.9429474, 17.699677, -1.8148651
0.13887024, -3.645279, 0
0.4393463, 0.9002533, -1.148056
0.6907501, 8.424255, -1.9094391
-0.24900818, 30.209763, -4.4725037
0.16281128, -2.5415192, -0.8607483
0.29449463, -1.0475006, -1.3120575
1.6712036, 5.0567017, 3.1784058
1.4473419, 37.804398, -0.101760864
-0.20829773, 3.3184662, 2.1704102
-0.23104858, -2.5894012, -1.227066
0.8332062, 1.4760742, -0.53752136
-0.5913849, 34.14116, -1.692749
0.72546387, 12.019257, -1.187561
-0.25498962, -3.3783264, -0.6668091
0.26696777, 0.94573975, -0.080215454
0.78292847, 14.5117035, -5.8719635
2.7282715, 25.97908, 0.27893066
1.1839752, -3.680008, -0.43215942
-0.080215454, -0.17837524, -1.4186096
-1.7921143, 7.3635864, 0.108932495
1.7190857, 33.78322, -3.7721863
0.48005676, 0.29689026, 0.9361572
-0.48005676, -2.1440735, -0.9517212
0.37231445, 2.9952393, -0.2705536
2.0267487, 38.976395, -0.6703949
0.94932556, 5.7965393, -0.46928406
-0.1951294, -2.9724884, -1.1253052
0.59259033, 2.2123108, -0.22146606
-1.6161346, 34.983948, -11.565552
1.8040924, 7.1624756, -1.6723938
-0.29449463, -2.1752014, 0.94215393
-0.0095825195, -0.44174194, -1.282135
0.8499603, 25.01538, -0.63926697
0.54589844, 20.574005, -2.500824
0.06704712, -3.6955566, -0.27294922
0.48364258, 0.5865936, -1.7346497
0.06465149, 7.6030273, 3.19635
1.455719, 33.21338, -3.6788025
0.27294922, 0.039505005, -0.77334595
-0.21907043, -0.7949066, -0.63687134
-0.29808044, 2.792923, 0.32681274
1.1372833, 38.989563, -2.2590027
0.95770264, 5.4649353, -2.572647
-0.5614624, -3.1269226, -0.1771698
-0.5542755, 2.1093597, -2.3523712
3.5973969, 33.609634, -8.970154
0.911026, 11.1393585, -2.1129456
-0.14964294, -2.689972, 1.7885284
0.331604, 0.42738342, -1.3192444
-0.91581726, 13.233154, 0.7098999
1.8699341, 28.928833, -1.1348877
0.16041565, -2.3607483, 0.27534485
0.42617798, -0.14126587, -1.2450256
0.6296997, 3.0898132, 0.080215454
3.9062653, 37.69188, -1.8124695
0.41300964, 4.410248, -0.41661072
-0.252594, -2.5103912, 0.5913849
-0.3771057, 2.0818176, -1.7394409
3.3867035, 36.840714, -10.726349
1.6185303, 11.28302, -1.4736786
-0.43695068, -3.3902893, 0.33399963
0.5506897, 1.5646515, -0.9194031
2.3547668, 16.342117, -0.21069336
1.9776764, 26.438782, -2.5355377
0.10534668, -2.2769623, 0.046691895
0.16041565, -0.19752502, -0.76976013
0.2561798, 4.7430573, -0.38667297
2.6564484, 36.958023, -4.658066
0.4537201, 2.9676971, 0.49801636
-0.12210083, -1.9046478, -0.082595825
0.15203857, 1.3862915, -0.19273376
2.8180542, 31.752869, -1.6616211
1.6029663, 15.177307, -1.9716797
0.6213074, -4.635315, 0.3483734
-0.16281128, 1.55867, -0.22506714
-0.5470886, 13.704834, -2.0052032
2.1644287, 27.96872, -4.978897
-0.2813263, -3.5973969, -1.0989685
0.13049316, -0.58540344, -0.91581726
0.8679199, 5.618164, -1.1648102
2.9760895, 36.96402, -9.234726
0.51956177, -1.3683319, 1.2653809
0.04788208, -1.6867676, -1.0462952
1.2701569, 3.3890991, -2.2362518
4.880722, 36.37262, -4.0894165
0.816452, 11.567932, -0.51956177
0.1831665, -3.2801514, -1.0355225
0.3100586, 0.8104553, -1.40065
-1.8088684, 16.52887, -1.5574799
0.6380768, 25.041718, -1.5095978
0.6991272, -3.2849426, -0.8547516
0.113723755, -0.58180237, -1.0738373
-2.572647, 7.1229706, -4.076248
0.55667114, 31.892944, -0.83081055
1.2917175, -2.3715363, 0.9613037
-0.19033813, -0.7494049, -0.410614
1.2641754, 5.767807, -0.022750854
4.000839, 37.16992, -6.545944
-0.25738525, -0.8930664, 1.3802948
-0.2693634, -0.70391846, -0.38069153
0.26097107, 3.4214172, -1.6316986
2.4720917, 38.35988, -3.6704254
1.8950653, 10.02243, 1.3276215
0.6919403, -3.345993, 0.34597778
-0.14006042, 1.3228302, -0.35794067
0.9696808, 26.733276, -6.585449
1.08461, 16.320572, -0.71469116
0.08859253, -4.0247803, 1.3084717
0.54229736, 0.29808044, -1.7107086
0.33041382, 10.601852, -1.7406311
1.4018555, 30.151108, -1.4186096
0.9984131, -2.4170227, -0.89785767
0.0095825195, 0.16999817, -0.48005676
-0.13049316, 3.3675537, 1.842392
1.9992218, 38.9357, -3.4333954
1.8842926, 5.5104218, -1.0271454
-1.0008087, -2.6636353, -0.4285736
0.5985718, 3.6428833, -1.2617798
0.66441345, 38.799225, -2.1763916
0.11732483, 2.5606842, -0.05986023
-0.0023956299, -2.027954, -0.4824524
0.76138306, 0.7709503, -1.2557983
-0.04548645, 31.58168, 0.43455505
0.87031555, 15.613068, 1.4449463
0.0574646, -3.8056946, 0.2561798
0.15203857, 2.2697754, -1.5227661
0.74102783, 13.660538, -1.6987305
1.3156586, 22.816238, 0.14964294
0.3208313, -2.217102, 0.082595825
0.7266693, 1.4485321, -0.6404724
0.544693, 17.746368, -3.7290802
1.2845306, 26.04013, -2.1716003
-0.26815796, -2.533142, -3.3998718
-0.6871643, 0.75538635, -1.2438202
-0.8619385, 11.406326, 0.658432
1.0618591, 31.511047, -0.0047912598
1.3802948, -1.7023315, 1.8962708
-0.4716797, -0.9122162, -0.6883545
-0.61772156, 4.8819275, -0.108932495
0.9026489, 35.92131, -1.0941772
0.70391846, 0.8068695, 1.5179749
-0.2166748, -2.7318726, 0.01914978
-0.4968109, 3.2574158, -0.54229736
1.416214, 37.555405, -0.080215454
0.8655243, 9.305344, -2.0854187
-0.4465332, -2.8934784, 0.2909088
0.44532776, 1.6029663, -0.7206726
0.47047424, 18.432327, 0.9696808
0.70510864, 18.337753, -0.5949707
0.30526733, -2.3176575, 0.104156494
0.27893066, 0.950531, -0.92658997
0.97566223, 13.291809, -1.5287476
1.984848, 23.541702, 1.8016968
0.8463745, -1.7382507, -0.6093445
0.91819763, -0.089782715, -0.6273041
0.14605713, 14.461426, -2.5175781
2.2661743, 26.0988, -1.6783905
-0.67160034, -3.4513397, 0.3818817
0.66441345, 0.26696777, -1.352768
-1.0175629, 11.739136, -2.4230042
0.20829773, 33.65033, -0.23942566
-0.029922485, -0.98405457, -0.776947
0.39744568, -0.5578613, -0.3280182
-0.776947, 2.8455963, 1.4078369
0.32203674, 39.081757, -0.28851318
0.85595703, 1.8328247, 1.8795013
-0.17358398, -1.5945892, -0.7649689
-0.4824524, 1.3383942, -0.7063141
-0.871521, 35.390976, -0.7817383
0.24301147, 13.283432, -0.60336304
-0.056259155, -3.3424072, -0.7685547
0.14724731, 0.46688843, -1.2510071
-0.15682983, 14.548813, -1.2725525
1.8878784, 29.157486, 0.53752136
0.08140564, -3.6811981, -1.392273
0.40223694, 0.18556213, -0.7242737
-0.9014435, 4.801712, 0.33399963
0.5339203, 32.817123, -3.4740906
0.70510864, 0.47047424, -0.27774048
-0.053878784, -1.6005707, -0.45132446
-0.14245605, 4.0259705, -1.1420746
0.79011536, 38.984787, -6.7793884
0.058654785, 4.4808807, -0.6703949
0.23104858, -1.8771057, 0.5830078
1.1432648, 3.2011414, -1.3419952
0.04788208, 36.839508, 0.7087097
0.3100586, 5.8983, -0.8906708
-0.15322876, -1.6556396, 0.9337616
0.49801636, 2.5606842, -2.1608276
2.5786285, 32.955994, 0.17956543
0.36631775, 7.295349, 1.2941132
0.31484985, -2.8192596, -0.09576416
0.4249878, 2.8444061, -1.4928284
-0.5075836, 23.198135, -1.1995392
1.6831818, 24.969894, 1.9908447
0.22506714, -4.777771, -2.1440735
0.14485168, 3.310089, -0.5578613
1.9597168, 22.96109, 0.8176422
2.1213226, 17.922348, -0.6296997
0.0035858154, -2.603775, -1.2234802
0.080215454, 1.6700134, -1.3072815
1.9321747, 18.524506, -3.6464844
1.9740753, 18.651398, 0.010772705
0.966095, -3.2765656, -0.56025696
-0.01914978, 0.47885132, -1.337204
-0.5111847, 13.073944, -0.6404724
0.4824524, 29.009033, -0.3387909
0.092178345, -2.768982, 0.76257324
-0.23223877, -1.4102325, 0.331604
-0.23223877, -1.4102325, 0.331604
-0.23223877, -1.4102325, 0.331604
-0.23223877, -1.4102325, 0.331604
-0.23223877, -1.4102325, 0.331604
-0.23223877, -1.4102325, 0.331604
-0.23223877, -1.4102325, 0.331604
-0.23223877, -1.4102325, 0.331604
-0.23223877, -1.4102325, 0.331604
-0.23223877, -1.4102325, 0.331604
-0.23223877, -1.4102325, 0.331604
-0.23223877, -1.4102325, 0.331604
-0.23223877, -1.4102325, 0.331604
-0.23223877, -1.4102325, 0.331604
-0.3782959, 13.094284, -1.2881165
-0.33520508, -2.5654602, -0.62849426
-0.19633484, 0.58540344, -2.201538
-3.0802307, 27.621552, -5.7582245
0.3423767, 10.155319, -0.9517212
0.0287323, -2.1129456, -0.72306824
-1.0199585, 1.4078369, -1.8412018
-3.3998718, 29.143112, -2.5259552
0.18435669, 7.356415, -1.8771057
0.21429443, -0.15802002, 0.06225586
0.21429443, -0.15802002, 0.06225586
0.21429443, -0.15802002, 0.06225586
0.21429443, -0.15802002, 0.06225586
0.21429443, -0.15802002, 0.06225586
0.21429443, -0.15802002, 0.06225586
0.21429443, -0.15802002, 0.06225586
5.2446594, 8.437424, 6.7877655
1.9118347, 7.47612, 7.310913
1.8316193, 6.2275085, 5.164444
1.3934631, 6.316101, 8.503265
3.0742493, 6.911072, 5.8635864
2.516388, 7.065506, 6.525589
1.7107086, 7.048752, 6.0251923
1.1061554, 6.287369, 7.227112
1.0881958, 6.7949524, 5.1776123
-0.82362366, 7.1074066, 4.9417877
0.5159607, 6.6740417, 9.62738
1.3707275, 6.877548, 7.285782
2.8623505, 7.4342194, 5.3631744
0.01914978, 5.5726776, 8.792969
0.8260193, 6.173645, 6.068283
-0.104156494, 5.278183, 7.9035034
-0.2621765, 5.5643005, 5.2674103
0.9014435, 5.145294, 9.423874
-0.0011901855, 5.5367584, 8.352432
-0.14245605, 5.278183, 7.2917633
-0.065841675, 5.3200836, 7.937027
0.27534485, 5.5331726, 8.218353
0.74461365, 5.341629, 7.938217
0.5219574, 5.2518463, 8.377563
0.30407715, 5.2853546, 8.177643
0.50279236, 5.116562, 7.7550507
0.39744568, 5.1141663, 7.6760406
0.1831665, 5.0638885, 7.981308
0.8655243, 5.294937, 8.832474
1.2737579, 5.0746613, 8.043564
1.5311432, 4.9250183, 7.795761
1.3778992, 4.848404, 7.8639984
1.1468506, 4.2462463, 6.9661407
1.5682526, 4.738266, 8.869598
0.02154541, 3.9625244, 9.481323
0.9624939, 1.5538788, 11.383575
-0.9086304, 0.9768677, 11.662506
1.1217194, 1.6089478, 9.091064
1.5239563, 2.4158173, 9.106628
1.0319366, 2.666031, 8.873184
2.1596375, 2.6923676, 9.459778
1.519165, 2.083023, 7.688019
1.1863708, 1.8388062, 7.1696625
1.1133423, 1.6472626, 9.197601
0.5255432, 1.3946686, 8.950989
0.292099, 0.9876404, 8.626572
0.4716797, 0.623703, 7.310913
0.89904785, 0.7314453, 10.895142
1.3192444, 0.23823547, 11.220764
4.466522, 0.6524353, 13.003311
3.5171967, 0.4824524, 12.963806
6.202362, -1.6807861, 14.4566345
-1.0822144, 6.86438, 8.1094055
-5.472122, 8.77861, 5.955765
3.6201477, 4.8065033, 3.8763275
-0.22506714, 6.577072, -4.9298096
1.1432648, 8.577484, -2.5618744
-4.229492, 5.889923, 11.719971
0.21548462, 2.785736, 9.17247
-1.8244324, 6.7961426, 1.9920349
-2.5618744, 7.763443, 0.104156494
-4.777771, 9.263443, 6.395111
-4.5515137, 8.375168, 5.8132935
-0.029922485, 8.640945, 4.895096
-2.4481506, 7.8053436, 5.3272552
-1.6233215, 9.393936, 1.826828
0.37350464, 10.128983, 2.5103912
-1.3731232, 8.393127, 6.0539246
-1.1719971, 8.521225, 4.304901
-1.5562744, 9.05275, 4.162445
-1.8280334, 10.484528, 3.1999512
-0.8499603, 7.802948, 4.348007
-0.7589874, 7.957367, 4.257019
3.8643646, 10.421082, 5.1273346
-1.3575592, 7.192398, 5.1500854
-7.37796, 8.269821, 2.8886871
2.6636353, 8.725937, 2.9257965
-2.015976, 10.131378, -0.91819763
-1.3120575, 9.650131, 1.0187683
-0.48484802, 9.027618, 1.7142944
-0.39027405, 7.941803, 5.46373
-0.54229736, 7.010437, 7.689209
0.16879272, 7.364792, 7.8843536
-1.4090271, 7.270218, 5.843231
-1.053482, 7.2283173, 5.7785797
-0.753006, 6.884735, 7.385147
-1.0510864, 6.781784, 7.6987915
-0.8751068, 6.8308716, 6.9852905
-1.2258759, 7.0906525, 6.7362976
-1.1839752, 7.088257, 6.4477844
-1.1097412, 7.2570496, 6.2466583
-1.4245911, 7.184021, 5.948578
-0.9984131, 7.3276825, 5.4349976
-0.797287, 7.1900024, 6.261032
-1.100174, 6.257431, 8.810928
-0.96728516, 6.639328, 7.53598
-1.0043945, 6.7638245, 6.4238434
-0.7063141, 7.1301575, 6.123352
-0.53990173, 7.0128326, 6.70636
-0.8032837, 6.8583984, 7.010437
-0.78411865, 7.3001404, 6.7638245
-1.0953827, 6.8069305, 7.747879
-0.9517212, 7.3121185, 6.3172913
-1.1504517, 7.5108337, 5.964142
-1.0343323, 7.55394, 6.047943
-1.1025696, 7.802948, 6.0491333
-1.6939545, 7.7610474, 6.386734
0.053878784, 8.345245, 2.746231
0.24301147, 8.690018, 4.326462
-1.1420746, 8.080673, 5.0124207
-0.66441345, 8.687622, 4.27977
-0.88827515, 7.9992676, 4.5754547
-0.39265442, 8.10701, 7.4545746
-0.56385803, 7.878357, 5.695984
0.123306274, 8.3619995, 4.4042664
0.30047607, 8.329681, 6.019211
0.2561798, 8.298553, 6.051529
-0.0574646, 8.897125, 4.6652374
0.28611755, 8.810928, 3.4465637
0.2741394, 9.1150055, 3.6428833
0.21069336, 8.972549, 4.2474365
0.73983765, 8.87558, 4.4832764
0.42378235, 9.213165, 3.751831
0.5003967, 9.204788, 4.3468018
0.10774231, 9.364014, 2.8288422
0.1436615, 9.268234, 3.2442474
0.20950317, 9.180847, 3.7613983
0.29330444, 9.389145, 3.8811188
0.3100586, 8.852829, 4.6257324
0.05986023, 8.786987, 4.769394
0.49801636, 8.803741, 4.6017914
-0.09815979, 8.2434845, 5.0195923
-0.08380127, 8.449402, 4.5144043
0.43215942, 8.172852, 5.2183228
0.9253845, 7.579071, 6.7961426
0.71588135, 8.329681, 4.7274933
0.8427887, 8.22673, 5.8994904
1.1157379, 8.300949, 4.781372
0.6404724, 8.1094055, 5.824066
0.9720764, 7.9238586, 5.9988556
0.7170868, 8.048355, 5.4074707
0.7290497, 8.140533, 5.795349
0.94692993, 7.988495, 5.6911926
0.7877197, 8.266235, 5.36557
1.3132629, 8.049545, 5.4745026
0.6332855, 8.118988, 5.324875
0.5578613, 8.275818, 5.2051544
0.84757996, 7.9549713, 5.886322
0.8966522, 8.4170685, 5.338043
0.8822937, 8.00885, 5.7737885
0.5830078, 8.274612, 5.0603027
0.7075043, 8.014832, 5.382324
0.18795776, 8.095047, 4.6891937
0.3280182, 8.430237, 4.887909
0.69433594, 7.914276, 6.237091
0.48005676, 8.294968, 5.2099457
0.7865143, 7.9980774, 5.7019653
0.73384094, 8.26384, 5.0746613
1.1767883, 8.202789, 5.790558
0.69314575, 8.345245, 5.0435333
0.6919403, 8.097443, 5.530777
0.7266693, 7.980118, 5.862381
0.6871643, 8.127365, 5.4733124
1.0187683, 7.8292847, 6.3544006
0.6907501, 8.156097, 5.1141663
1.218689, 8.127365, 5.7330933
0.6332855, 8.419464, 4.9405823
0.85954285, 7.945404, 5.964142
0.7865143, 8.205185, 5.6121826
0.5183563, 7.8963165, 5.535568
0.98165894, 7.9441986, 6.0251923
0.5901947, 8.272217, 5.104599
1.16362, 8.157288, 5.8180847
0.087387085, 8.34166, 4.4748993
0.618927, 8.435028, 5.5690765
0.32203674, 8.338058, 5.061493
0.3483734, 8.381165, 5.388321
0.22506714, 8.522415, 4.028366
0.7350464, 8.170456, 5.6600647
0.6955414, 8.448196, 5.1536713
0.544693, 8.503265, 4.966919
0.48364258, 8.049545, 5.736679
0.64286804, 8.275818, 5.458954
1.0582733, 7.969345, 6.29335
0.50878906, 8.552353, 4.462921
0.7470093, 8.156097, 5.8683624
0.71229553, 8.1644745, 5.2099457
0.49082947, 8.177643, 5.341629
0.8260193, 8.078278, 6.114975
0.8439789, 8.229126, 5.1548767
0.678772, 8.269821, 5.4266205
0.6488495, 8.271027, 5.427826
0.5554657, 7.885544, 5.259018
0.44055176, 8.437424, 4.8436127
1.7502136, 7.893921, 7.330078
0.39146423, 8.551147, 4.185196
0.23583984, 8.472137, 4.473709
0.34597778, 8.394333, 4.951355
0.91342163, 8.752274, 4.410248
0.77334595, 8.025604, 6.288559
0.49082947, 8.345245, 5.080658
0.42738342, 8.200394, 5.28656
0.7565918, 8.14772, 5.547531
0.45970154, 8.452988, 5.006424
0.6273041, 8.452988, 5.369156
0.79011536, 8.636154, 4.43779
0.713501, 8.142929, 5.6911926
0.3483734, 8.336868, 5.159668
-0.21429443, 8.782196, 4.06308
0.69314575, 7.8963165, 7.1385345
0.37471008, 8.370392, 4.588623
0.6524353, 8.1644745, 5.595413
0.7470093, 8.706787, 4.509613
0.35435486, 8.369186, 5.109375
0.46089172, 8.473343, 5.6780243
-0.48005676, 8.516434, 2.847992
1.0127716, 8.335663, 6.1652527
0.2801361, 8.520035, 4.820877
0.50878906, 8.292572, 4.9968567
0.90623474, 8.38356, 5.28656
0.7278595, 7.941803, 6.0766754
0.4249878, 8.38356, 4.8867188
0.6452637, 8.039978, 5.3464203
0.7266693, 8.321304, 5.6468964
0.54829407, 8.557144, 4.8388367
0.48843384, 8.209976, 5.021988
1.0008087, 8.521225, 5.4781036
0.28253174, 8.303345, 5.1548767
0.8391876, 8.330887, 5.9785004
0.24661255, 8.533203, 4.0307617
-0.22746277, 7.992096, 4.9992523
0.13168335, 8.493683, 4.539551
0.40223694, 8.660095, 6.0886383
-0.25019836, 8.505661, 3.9852753
0.24301147, 8.494888, 5.045929
0.04069519, 8.691223, 3.7613983
0.6009674, 8.524811, 5.214737
0.6380768, 8.405106, 5.652878
0.56025696, 8.1644745, 5.7031555
0.4070282, 8.382355, 5.2326813
0.40821838, 8.102219, 6.032379
0.53871155, 8.4410095, 4.327652
0.69433594, 8.287781, 6.147293
0.2621765, 8.581085, 4.4569397
0.6452637, 8.38356, 5.965332
0.16400146, 8.399124, 4.8927
0.28372192, 8.49968, 5.353592
0.17478943, 8.373978, 5.429016
0.075424194, 8.415878, 3.8883057
1.2198792, 7.7658234, 6.9050903
-0.22865295, 8.235107, 4.5910187
-0.23583984, 8.668472, 3.9062653
0.6919403, 8.195602, 6.2430725
0.04548645, 8.636154, 4.2211
0.37590027, 8.056732, 6.579468
0.2454071, 8.545166, 4.722702
0.43215942, 8.449402, 5.1895905
0.49562073, 8.3237, 5.326065
0.63926697, 8.457779, 5.124939
0.39265442, 8.345245, 5.3547974
0.59617615, 8.285385, 5.597809
0.23703003, 8.239899, 4.9441833
0.37471008, 8.267426, 5.7941437
0.3387909, 8.527206, 4.932205
0.30766296, 8.3619995, 5.3356476
0.60575867, 8.600235, 5.029175
0.26576233, 8.330887, 4.616165
0.63568115, 8.415878, 6.0156097
-0.0143585205, 8.175247, 5.0782623
0.2741394, 8.376373, 4.8041077
0.2633667, 8.461365, 5.2135315
0.19033813, 8.390732, 5.297333
0, 8.279404, 5.0938263
-0.089782715, 8.430237, 4.508423
0.27893066, 8.247086, 5.8671722
-0.43815613, 8.642136, 3.8021088
0.37471008, 8.62059, 5.4349976
1.065445, 7.7538605, 7.198395
0.22146606, 8.200394, 5.2051544
0.2118988, 7.7418823, 5.933014
0.47047424, 7.960968, 6.044342
0.524353, 8.00885, 5.400284
0.7350464, 7.804138, 5.9868774
0.72187805, 7.7155457, 5.413452
1.2438202, 7.9549713, 5.984497
0.8068695, 7.404297, 6.656082
0.86672974, 8.681641, 5.4936676
0.3028717, 7.9597626, 5.68042
0.8679199, 7.5012665, 6.6369324
0.66441345, 7.8759613, 5.795349
0.9289856, 8.073502, 5.503235
0.85954285, 7.594635, 6.2634277
0.718277, 7.7502747, 5.925827
0.71469116, 7.7502747, 5.7534485
0.5901947, 7.7382965, 6.407074
0.53152466, 7.890335, 5.303314
0.8655243, 7.842453, 6.1054077
1.0008087, 8.039978, 5.8994904
0.5937805, 7.7227325, 5.9270325
0.5865936, 7.94899, 5.774994
0.832016, 8.073502, 5.748657
0.10534668, 8.08786, 5.3715515
0.4968109, 8.08905, 5.8563995
0.3088684, 8.056732, 5.537964
0.524353, 8.205185, 5.709152
0.13526917, 7.9825134, 5.4852905
0.13049316, 8.023209, 5.104599
-0.04788208, 8.509247, 3.925415
-0.8356018, 6.990082, 7.582672
0.3603363, 7.191208, 4.9932556
0.5949707, 5.0279846, 11.043594
1.4593048, 6.7877655, 7.4150696
3.270584, 7.3181, 5.831253
1.1660156, 8.308136, 4.513214
0.816452, 8.611008, 4.7634125
1.7442322, 7.1588745, 4.523987
1.7442322, 7.1588745, 4.523987
0.2705536, 10.282211, 3.9062653
0.1544342, 9.678864, 2.055481
0.1544342, 9.678864, 2.055481
0.678772, 9.082687, 4.234268
0.23104858, 9.209579, 4.8986816
0.4189911, 8.915085, 4.579056
0.5578613, 8.918671, 3.7709808
0.36154175, 8.845642, 4.1241455
0.6380768, 8.775024, 4.4748993
0.6811676, 8.733124, 4.683197
0.38069153, 8.883957, 4.5622864
0.6955414, 8.806137, 4.691574
0.9229889, 9.056351, 4.5598907
0.17478943, 8.4410095, 4.647293
0.5806122, 8.915085, 4.91066
0.3854828, 8.739105, 4.071472
0.65722656, 9.385559, 2.966507
0.017959595, 9.003677, 4.312088
0.056259155, 8.924667, 3.420227
0.3196411, 9.004868, 2.2673798
0.9792633, 9.559143, 4.1648407
0.4142151, 8.727127, 5.231491
0.61053467, 9.245499, 3.3663483
0.69314575, 9.079086, 3.5447235
0.7350464, 8.97374, 4.6688385
0.6560364, 9.082687, 3.4190216
0.60813904, 8.848038, 4.465317
0.7278595, 8.968948, 4.8256683
0.91342163, 8.79657, 3.7709808
0.713501, 9.255066, 2.808487
0.7015228, 9.2885895, 2.9736938
0.40223694, 9.292175, 3.5973969
0.5626526, 9.215561, 4.3180695
0.65483093, 9.182037, 3.822464
0.37590027, 9.471756, 2.6995392
0.39744568, 9.33168, 2.9078522
-0.084991455, 8.950989, 3.1233368
0.3280182, 9.411896, 1.8184509
0.6093445, 9.50766, 3.3507843
0.40942383, 8.898315, 5.1931763
0.7194824, 9.417877, 3.112564
0.5734253, 9.287399, 3.227478
0.9038391, 9.21077, 4.4988403
0.7266693, 9.322113, 3.447754
0.70033264, 9.092255, 3.5183868
0.753006, 9.156906, 4.102585
0.7075043, 9.086273, 3.5064087
0.84757996, 9.213165, 3.5878143
0.89186096, 9.188034, 3.8451996
0.85235596, 9.2730255, 3.894287
0.68595886, 9.322113, 3.538742
0.6560364, 9.167679, 3.8056946
0.7673645, 9.285004, 3.3040924
0.56025696, 9.134155, 3.7207031
0.49801636, 9.13176, 3.736267
0.058654785, 9.1150055, 2.8683472
0.3567505, 9.168869, 2.2003326
0.75061035, 9.403519, 3.1604462
1.1253052, 9.03479, 5.057907
0.7290497, 8.962967, 4.640106
0.82003784, 8.968948, 3.329239
0.96009827, 9.304153, 3.4633179
0.8751068, 9.064728, 4.6484833
0.6895447, 8.931839, 3.9457703
1.1193237, 9.006058, 3.66922
0.96369934, 8.916275, 4.310898
0.9002533, 9.058746, 4.508423
0.505188, 8.905502, 4.213928
0.8643341, 8.976135, 3.9146423
0.9613037, 9.2335205, 4.100189
-0.1376648, 8.435028, 3.4333954
0.5698395, 8.56192, 5.1417084
0.9517212, 9.526825, 2.2709656
0.40104675, 8.710373, 4.829254
0.47047424, 9.421478, 3.1604462
-0.28970337, 8.615799, 3.0311584
0.14605713, 9.343658, 1.9908447
0.76976013, 9.140137, 4.6448975
0.4178009, 8.742691, 5.3595886
0.753006, 8.889938, 3.8954926
0.7589874, 9.053955, 3.933792
0.83799744, 8.959381, 4.616165
0.65364075, 9.030014, 3.9601288
0.73265076, 8.943817, 4.713135
0.6225128, 8.81572, 4.1684265
0.4537201, 8.9809265, 4.004425
0.62849426, 8.801361, 4.4365845
0.584198, 9.110214, 4.031952
0.4872284, 9.132965, 4.1133575
0.29449463, 9.305344, 3.3950806
0.33998108, 9.268234, 3.4273987
0.20829773, 9.141342, 2.7438354
0.3028717, 9.178452, 2.4876556
0.7015228, 9.462173, 3.156845
0.4429474, 9.091064, 4.9130554
0.7601776, 9.092255, 4.169632
0.68595886, 8.985718, 3.9313965
0.65483093, 8.889938, 4.2630005
0.65483093, 9.085083, 4.20076
0.8655243, 9.012054, 3.877533
0.7673645, 9.077896, 4.115753
0.6919403, 8.953384, 4.1085815
0.67160034, 8.87558, 4.334839
0.5578613, 8.887543, 4.1241455
0.871521, 8.958176, 4.130127
0.797287, 8.93544, 4.7801666
0.6919403, 8.991699, 3.9469604
0.7278595, 9.138947, 3.7506256
0.5111847, 9.000076, 4.374344
0.42738342, 9.012054, 4.2701874
0.5003967, 9.028809, 3.9661102
0.4968109, 9.081482, 4.0463257
0.3495636, 9.299362, 3.739853
0.2849121, 9.186829, 3.526764
0.27774048, 9.404709, 2.95813
0.065841675, 9.049164, 3.140091
0.292099, 9.19043, 3.062271
0.73384094, 9.221542, 3.3663483
0.8176422, 9.28978, 4.3300476
0.6608124, 8.95459, 4.707138
0.6991272, 8.960571, 4.1959686
0.4070282, 8.767838, 4.272583
0.8284149, 8.919876, 4.2749786
0.89546204, 9.0336, 4.1720276
0.6129303, 8.869598, 4.2390594
0.84757996, 8.953384, 4.2833557
0.6213074, 8.867203, 4.2869415
0.6811676, 9.039581, 4.3539886
0.8511658, 8.93544, 4.430603
0.6165314, 8.939026, 4.087021
0.63926697, 8.983322, 4.178009
0.524353, 8.877975, 4.425812
0.410614, 8.946213, 4.2031555
0.7266693, 8.81691, 4.4353943
0.5698395, 9.11261, 4.094208
0.32681274, 9.077896, 4.082245
0.331604, 9.239502, 3.5171967
0.058654785, 8.764236, 3.6165466
0.4142151, 9.059937, 2.9054565
0.6775818, 9.001282, 4.2199097
0.67160034, 9.01445, 4.939392
0.53752136, 8.773819, 4.5191956
0.84757996, 8.814529, 4.231888
0.39146423, 8.771423, 4.5706635
0.7960968, 8.794174, 4.399475
0.7661743, 8.85643, 4.4042664
0.7865143, 8.844452, 4.3923035
0.9325714, 8.947403, 4.478485
0.59259033, 8.713959, 4.477295
0.623703, 8.798965, 4.3731384
0.6799774, 8.860016, 4.3132935
0.5231476, 8.925858, 4.166031
0.46089172, 8.983322, 4.319275
0.4429474, 8.959381, 4.3420105
0.40344238, 9.049164, 4.04274
0.3423767, 8.91748, 3.791336
0.32681274, 9.143738, 2.8910828
0.48962402, 9.118591, 3.420227
0.6296997, 8.952194, 4.7155304
0.53512573, 8.791779, 4.7083435
0.75538635, 8.998886, 4.1277313
0.8727112, 8.892334, 4.5826416
0.73384094, 8.948608, 4.4126434
0.5506897, 8.764236, 4.4126434
0.71110535, 8.758255, 4.6604614
0.6404724, 8.79657, 4.300125
0.8451843, 8.739105, 4.4641266
0.8332062, 8.912689, 4.336029
0.7601776, 8.63974, 4.737076
0.49441528, 8.773819, 4.2905426
0.7242737, 8.596649, 4.816086
0.69314575, 8.874374, 4.289337
0.6009674, 8.786987, 4.3539886
0.60694885, 8.940216, 4.186386
0.47047424, 8.967758, 4.289337
0.47766113, 8.923462, 4.579056
0.42019653, 8.85643, 3.980484
0.29330444, 8.83847, 3.0263672
0.53512573, 9.101837, 3.5028229
0.44055176, 8.751068, 5.475708
0.252594, 8.800156, 4.4282074
0.7458191, 8.888748, 4.0535126
0.71588135, 8.909103, 4.312088
0.74102783, 8.854034, 4.485672
0.73265076, 8.802551, 4.292938
0.7601776, 8.747482, 4.561096
0.8619385, 9.05275, 4.3252563
0.68237305, 8.766632, 4.6568604
0.8356018, 9.038391, 4.036743
0.4285736, 8.81691, 4.410248
0.5003967, 8.923462, 4.289337
0.3854828, 8.9019165, 4.179199
0.55667114, 8.916275, 4.374344
0.45251465, 9.088669, 4.1804047
0.31843567, 9.046768, 4.176819
0.37948608, 9.088669, 3.736267
0.18914795, 8.795364, 3.152069
0.47047424, 9.296967, 3.207138
0.43096924, 8.962967, 4.9178467
0.7063141, 8.945007, 4.3072968
0.6213074, 8.807343, 4.240265
0.6524353, 8.873184, 4.6604614
0.8332062, 8.923462, 4.169632
0.6620178, 9.010849, 4.2630005
0.62609863, 8.789383, 4.4569397
0.7949066, 8.820511, 4.389908
0.8619385, 8.880371, 4.186386
0.77934265, 8.889938, 4.2474365
0.871521, 8.960571, 4.3456116
0.73384094, 8.746292, 4.4198303
0.55307007, 8.839661, 4.2869415
0.713501, 8.693619, 4.83284
0.7673645, 8.966553, 4.076248
0.6452637, 8.887543, 4.1408997
0.6440582, 8.997681, 4.1325226
0.5039978, 8.965363, 4.217514
0.4249878, 9.007263, 4.3934937
0.5159607, 8.989304, 4.110977
-0.032318115, 8.730728, 3.3938904
0.4070282, 9.247894, 2.7977142
0.71110535, 8.924667, 5.124939
0.5662384, 8.761856, 4.691574
0.78411865, 8.929443, 3.9038696
0.72546387, 8.784592, 4.67482
0.74461365, 8.769028, 4.501236
0.4285736, 8.685226, 4.4078674
0.8224335, 8.71756, 4.652069
0.8044739, 8.870789, 4.3013153
0.713501, 8.70079, 4.434204
0.8619385, 8.905502, 4.4329987
0.6440582, 8.686432, 4.721512
0.702713, 8.868393, 4.249832
0.7601776, 8.928253, 4.4904633
0.529129, 8.927048, 4.1995544
0.5111847, 8.891144, 4.284561
0.5830078, 8.867203, 4.399475
0.35914612, 8.939026, 4.344406
0.371109, 8.925858, 4.233078
0.26097107, 8.991699, 4.066681
0.21069336, 8.839661, 3.617752
0.31724548, 8.991699, 3.7925262
0.5662384, 8.7834015, 5.033966
0.697937, 8.820511, 4.3216705
0.6380768, 8.837265, 4.118149
0.67518616, 8.7043915, 4.7394714
0.832016, 8.721146, 4.5598907
0.7565918, 8.839661, 4.2211
0.7589874, 8.798965, 4.5503235
0.8212433, 8.851639, 4.494049
0.7266693, 8.676849, 4.6377106
0.9828491, 8.919876, 4.405472
0.82722473, 8.772629, 4.6724243
0.6273041, 8.864807, 4.2426605
0.4824524, 8.842056, 4.513214
0.56863403, 8.771423, 4.5203857
0.43096924, 8.784592, 4.4832764
0.59736633, 8.766632, 4.4760895
0.6308899, 8.952194, 4.248642
0.53752136, 8.888748, 4.4018707
0.5650482, 8.904312, 4.3611755
0.44174194, 8.818115, 4.097809
0.4285736, 8.91748, 3.235855
0.4644928, 9.045563, 3.9469604
0.7015228, 8.870789, 4.741867
0.5590668, 8.812134, 4.583832
0.67518616, 8.877975, 4.260605
0.87750244, 8.87558, 4.571869
0.7194824, 8.940216, 4.161255
0.63568115, 8.694809, 4.7310944
0.7601776, 8.819305, 4.425812
0.76976013, 8.809738, 4.391098
0.8152466, 8.834869, 4.3934937
0.7937012, 8.801361, 4.4282074
0.84039307, 8.7379, 4.394684
0.45611572, 8.613403, 4.6017914
0.8044739, 8.651718, 4.6808014
0.8391876, 8.854034, 4.2666016
0.8822937, 8.712769, 4.5263824
0.70391846, 8.68045, 4.336029
0.7709503, 8.707977, 5.0794525
0.69673157, 8.749878, 4.3336334
0.7350464, 8.7798, 4.5551147
0.66799927, 8.863602, 4.2773743
0.5435028, 8.784592, 4.4246216
0.66799927, 8.785797, 4.485672
0.7458191, 8.842056, 4.170822
0.6344757, 8.675659, 4.3958893
0.3208313, 8.755859, 3.5986023
0.4477234, 8.813324, 4.091812
0.29330444, 8.70079, 5.2614136
0.7757416, 8.807343, 4.2630005
0.7637787, 8.800156, 4.2833557
0.75180054, 8.703186, 4.8424225
0.92059326, 8.753464, 4.3779297
0.8248291, 8.63974, 4.597
0.81285095, 8.85881, 4.7837677
0.618927, 8.849243, 6.13533
0.3100586, 9.505264, 2.7665863
0.96009827, 9.623795, -2.138092
0.73265076, 9.736313, 0.6524353
0.1257019, 9.723145, 2.039917
1.4545288, 9.413086, 3.286148
0.5075836, 9.626175, 2.7941132
0.30407715, 9.58429, 2.5187836
0.5016022, 9.578293, 2.5235596
0.68237305, 9.498093, 2.9078522
0.70391846, 9.474152, 2.5498962
0.4142151, 9.33168, 1.7669678
0.757782, 9.6596985, 2.3260345
0.7937012, 9.275421, 3.6237335
0.7673645, 9.379578, 3.6776123
0.94215393, 9.308945, 3.4238129
0.96369934, 9.380768, 3.3579712
0.7781372, 9.087463, 3.8236542
0.9002533, 9.201202, 3.653656
0.8152466, 9.077896, 3.5794373
0.79130554, 9.046768, 3.6165466
1.2115021, 9.126968, 4.8112946
0.6955414, 8.558334, 4.998047
0.8739166, 8.807343, 4.040344
0.73384094, 8.739105, 4.41864
0.7362366, 8.886353, 4.4126434
0.66441345, 8.916275, 3.8679504
0.56744385, 8.809738, 4.2737885
0.6045532, 8.819305, 4.8220673
0.60575867, 8.7379, 4.2378693
-0.14485168, 8.433838, 3.9900665
0.116119385, 8.916275, 4.0882263
-0.15682983, 8.084274, 5.6433105
0.063446045, 8.170456, 5.424225
0.6225128, 8.321304, 5.05072
-0.27893066, 7.5766754, 6.4370117
-0.24182129, 7.625763, 6.663269
-0.792511, 7.2893677, 6.6225586
0.48484802, 8.057938, 5.467331
0.33399963, 8.217148, 4.671234
0.38427734, 8.318909, 5.1536713
0.7757416, 8.378769, 5.4098663
0.3771057, 8.458969, 5.0674896
0.75538635, 8.063919, 5.6361237
0.68595886, 8.429047, 5.030365
0.47766113, 8.339264, 5.3284607
0.78292847, 8.433838, 4.557495
0.7757416, 8.447006, 5.791748
0.584198, 8.34285, 5.1895905
0.584198, 8.327286, 4.7789764
0.56744385, 8.432632, 5.317688
0.25379944, 8.364395, 5.2650146
0.30526733, 8.461365, 4.987274
0.36512756, 8.399124, 5.4421844
0.27534485, 8.38475, 5.239868
0.15083313, 8.427841, 4.7753754
-0.056259155, 8.273422, 4.2079315
0.29330444, 8.634949, 5.0638885
0.30168152, 8.3237, 5.7534485
0.45251465, 8.48291, 4.9561462
0.65364075, 8.415878, 5.238678
0.63209534, 8.512848, 5.121353
0.32681274, 8.238693, 5.531967
0.63568115, 8.30574, 5.4409943
0.43815613, 8.18483, 5.3631744
0.63926697, 8.189621, 5.2410736
0.6991272, 8.267426, 5.329651
0.5411072, 8.039978, 5.4469757
0.4680786, 8.227921, 5.7570343
0.5016022, 8.036377, 5.814499
0.47406006, 8.363205, 5.2410736
0.59259033, 8.197998, 5.610977
0.45011902, 8.399124, 5.0207977
0.44174194, 8.24588, 5.326065
0.32203674, 8.348831, 5.458954
0.28970337, 8.443405, 5.1943817
0.42617798, 8.346436, 5.4421844
0.063446045, 8.223145, 5.109375
-0.17478943, 8.01004, 4.612564
0.38069153, 8.430237, 4.884323
0.47885132, 8.339264, 6.032379
0.53152466, 8.279404, 5.066284
0.57102966, 8.194412, 5.5523224
0.38069153, 8.108215, 5.6229553
0.60694885, 8.051941, 5.7546387
0.5542755, 8.193207, 5.400284
0.6153259, 8.197998, 5.492462
0.7170868, 8.168076, 5.566696
0.5267334, 8.146515, 5.458954
0.6847687, 8.133347, 5.961746
0.6608124, 8.055542, 5.3320465
0.44892883, 8.2434845, 5.5044403
0.44532776, 8.18602, 5.3835297
0.38427734, 8.200394, 5.534363
0.54229736, 8.056732, 5.432617
0.47406006, 8.209976, 5.7965393
0.32920837, 8.215958, 5.4146576
0.113723755, 8.209976, 5.2207184
-0.33998108, 7.8687897, 4.9046783
0.32920837, 8.381165, 4.6688385
0.36154175, 8.330887, 6.028778
0.5016022, 8.299759, 5.1153717
0.52793884, 8.188416, 5.6935883
0.4285736, 8.018433, 6.0263824
0.49562073, 8.249481, 5.1979675
0.5662384, 8.18483, 5.870758
0.6596222, 8.257858, 5.1907806
0.52793884, 8.013641, 5.8527985
0.39744568, 8.108215, 5.6672516
0.5411072, 8.066315, 5.7342834
0.43336487, 8.175247, 5.4936676
0.3495636, 8.199188, 5.3440247
0.4429474, 8.0854645, 5.6600647
0.3136444, 8.055542, 5.6193695
0.3854828, 8.122574, 5.776184
0.4070282, 8.233917, 5.420639
0.45251465, 8.22673, 5.4302216
-0.068237305, 8.038773, 5.333252
0.025146484, 8.000473, 5.066284
0.2849121, 8.296158, 4.8340454
0.46568298, 8.310532, 5.933014
0.5470886, 8.311722, 5.224304
0.4142151, 8.133347, 5.8324585
0.3495636, 8.150116, 5.7390747
0.66441345, 8.114197, 5.5176086
0.66441345, 8.239899, 5.336838
0.23583984, 8.045959, 5.8719635
0.4393463, 8.061523, 5.810898
0.54948425, 8.054337, 5.452957
0.56025696, 8.00885, 5.527191
0.6452637, 8.123779, 5.5020447
0.44174194, 7.988495, 5.91745
0.30047607, 7.953781, 5.561905
0.4932251, 7.957367, 6.103012
0.5650482, 8.141739, 5.38472
0.3818817, 8.110611, 5.563095
0.23344421, 8.101028, 5.5283813
0.33041382, 8.178848, 5.4804993
0.28970337, 8.170456, 5.824066
0.3567505, 8.168076, 5.169235
0.082595825, 8.000473, 5.12973
0.31245422, 8.189621, 5.04953
0.757782, 8.039978, 6.0096283
0.4716797, 7.964554, 6.1101837
0.46089172, 8.290176, 5.436203
0.18675232, 7.8340607, 6.0814514
0.4860382, 7.8999176, 5.2841644
0.50639343, 7.826889, 6.137726
0.33280945, 7.826889, 6.7291107
-0.1951294, 7.5132294, 4.406662
1.811264, 7.9753265, 8.281799
-0.07901001, 7.569504, 4.6305237
0.56025696, 7.7179413, 7.4066925
0.4393463, 8.090256, 5.472122
-0.082595825, 7.617386, 5.7929535
0.18196106, 7.8963165, 6.3232727
0.082595825, 8.044769, 5.865967
0.10774231, 8.231522, 5.2997284
-0.29808044, 8.275818, 4.97052
-0.05506897, 8.637344, 4.5754547
-0.10534668, 8.546356, 4.4593353
-0.022750854, 8.624176, 4.494049
-0.36631775, 8.540375, 4.7095337
-0.27893066, 8.662491, 4.453354
-0.34716797, 8.597839, 4.6065826
-0.4932251, 8.366791, 4.816086
-0.9768677, 7.9430084, 4.06308
0.69314575, 9.238312, 3.6129608
-0.2693634, 8.194412, 7.0200195
0.14485168, 8.315323, 5.132126
0.48843384, 8.433838, 4.853195
0.30766296, 8.469742, 5.3164825
0.33041382, 8.278198, 5.506836
0.45611572, 8.2829895, 5.482895
0.44413757, 8.080673, 5.6229553
0.6440582, 8.128571, 5.456558
0.48124695, 8.187225, 5.4709167
0.46688843, 8.08905, 5.558304
0.33998108, 8.065109, 5.6349335
0.42259216, 8.104614, 5.589432
0.77215576, 8.163284, 5.494858
0.4680786, 8.077087, 5.7019653
0.46928406, 8.139343, 5.6026
0.53512573, 7.957367, 5.964142
0.43215942, 8.153702, 5.6193695
0.4824524, 8.007645, 5.6947784
0.42977905, 8.251862, 5.373947
0.36154175, 8.14772, 5.751053
0.27893066, 8.10701, 5.626541
0.31843567, 8.157288, 4.784958
0.37350464, 8.291367, 5.688797
0.331604, 8.080673, 5.9473724
0.41661072, 8.081879, 5.5092316
0.5722351, 8.091446, 5.8324585
0.38667297, 8.182434, 5.342819
0.35794067, 8.062714, 5.791748
0.4477234, 8.080673, 5.606201
0.5506897, 8.000473, 5.6756287
0.38427734, 8.053146, 5.6026
0.4680786, 8.043564, 5.6229553
0.3603363, 7.9585724, 5.843231
0.3998413, 7.9944763, 5.6445007
0.4357605, 7.9897003, 6.0311737
0.75061035, 8.0699005, 5.455353
0.47047424, 7.9286346, 5.9677277
0.21548462, 8.01004, 5.5331726
0.34716797, 8.004059, 5.9856873
0.56385803, 8.102219, 5.6073914
0.2621765, 8.093842, 5.5295715
0.123306274, 8.011246, 5.029175
0.40344238, 8.104614, 5.400284
0.4178009, 8.140533, 6.147293
0.3423767, 8.067505, 5.3859253
0.5255432, 8.041168, 5.9030914
0.29449463, 7.9980774, 5.8492126
0.50878906, 8.011246, 5.7965393
0.40821838, 8.038773, 5.736679
0.4393463, 8.083069, 5.648102
0.3818817, 7.9633636, 5.874359
0.40223694, 8.01004, 5.8408356
0.4644928, 8.096237, 5.6947784
0.47047424, 8.019623, 5.697174
0.37471008, 8.041168, 5.7031555
0.39265442, 8.007645, 6.1245575
0.5830078, 8.002869, 5.44339
0.36393738, 8.093842, 5.779785
0.29689026, 8.084274, 5.429016
0.252594, 8.020828, 5.8635864
0.31484985, 8.079483, 5.6121826
0.24301147, 8.10701, 5.8480225
0.28253174, 8.170456, 5.448166
0.104156494, 7.9118805, 5.2841644
0.2059021, 8.049545, 5.2997284
0.3531494, 8.152512, 5.8492126
0.371109, 8.080673, 5.685211
0.34477234, 7.9837036, 5.786957
0.15562439, 7.8568115, 5.8683624
0.524353, 7.953781, 5.830063
0.46568298, 8.037582, 5.676819
0.40942383, 7.9310303, 5.858795
0.21308899, 7.8639984, 5.949768
0.43336487, 7.922653, 5.901886
0.53152466, 8.033997, 5.742676
0.46568298, 7.969345, 5.8324585
0.2011261, 7.9346313, 5.850403
0.3962555, 7.878357, 6.13533
0.3998413, 8.065109, 5.747452
0.3196411, 8.060333, 5.5690765
0.2801361, 8.084274, 5.5990143
0.36991882, 8.057938, 5.8492126
0.31724548, 8.079483, 5.786957
0.3196411, 8.181244, 5.437393
0.1484375, 7.9837036, 5.4314117
0.27534485, 8.1644745, 4.895096
0.3280182, 8.118988, 6.185608
0.4680786, 8.153702, 5.451767
0.39265442, 8.066315, 5.8683624
0.31724548, 7.964554, 6.012024
0.40582275, 8.059128, 5.566696
0.44532776, 8.0303955, 5.97731
0.4429474, 8.060333, 5.590637
0.33639526, 7.9705353, 5.9461823
0.3782959, 7.9837036, 5.8683624
0.5578613, 8.053146, 5.8719635
0.4860382, 8.080673, 5.6121826
0.28611755, 8.000473, 5.7139435
0.34597778, 7.976532, 5.9318237
0.49920654, 8.054337, 5.795349
0.28253174, 8.066315, 5.5643005
0.31124878, 8.104614, 5.5259857
0.24900818, 8.044769, 5.8731537
0.26815796, 8.171661, 5.476898
0.063446045, 7.8017426, 5.472122
0.27294922, 8.194412, 5.1177673
0.26097107, 8.036377, 6.1257477
0.38308716, 8.0699005, 5.4816895
0.33639526, 8.079483, 5.652878
0.28730774, 7.9873047, 5.742676
0.36991882, 7.980118, 5.8635864
0.3771057, 7.952591, 5.751053
0.46209717, 7.984909, 5.566696
0.35914612, 7.996872, 5.8025208
0.3854828, 7.9190674, 5.922241
0.47406006, 7.940613, 5.7965393
0.4070282, 7.883148, 5.9437866
0.39505005, 8.014832, 5.5224
0.33998108, 7.941803, 5.9042816
0.24301147, 7.9106903, 5.7702026
0.3280182, 7.9717407, 5.965332
0.34597778, 8.061523, 5.657669
0.23583984, 8.013641, 5.712738
0.24661255, 8.045959, 5.736679
0.22865295, 8.017227, 5.6229553
0.18914795, 7.9358215, 5.2123413
0.27534485, 8.090256, 5.7546387
0.04548645, 7.8364563, 6.013214
0.31843567, 8.025604, 6.1293488
0.30407715, 8.110611, 6.805725
0.38427734, 8.523621, 5.1033936
0.06465149, 8.940216, 3.0155945
0.78292847, 9.528015, 2.1416779
0.584198, 9.539993, 2.904251
0.6620178, 9.443024, 3.5279694
0.039505005, 9.465759, 2.4876556
1.1265106, 9.8129425, 0.6153259
0.78411865, 9.871597, -0.19752502
0.88108826, 9.806946, -0.0071868896
1.187561, 9.780609, 1.7178955
0.58540344, 9.74231, 2.4996185
0.7206726, 9.767441, 1.5694427
0.72187805, 9.833282, 1.2007294
1.013977, 9.668076, 1.5000153
0.45011902, 9.563934, 2.0662537
0.8439789, 9.401123, 2.674408
1.3982544, 9.463379, 3.187973
1.2055206, 9.223938, 4.083435
1.3898773, 8.947403, 3.5590973
1.5933838, 9.391541, 4.1037903
1.3168488, 8.879166, 4.478485
1.2234802, 9.120987, 3.5686646
1.1468506, 8.79776, 4.2510376
1.2988892, 8.895935, 4.4880676
1.297699, 9.055145, 3.7530212
1.1277008, 8.891144, 4.5227814
1.1145325, 8.87558, 4.076248
0.88827515, 8.788193, 4.513214
0.9217987, 8.885147, 4.0846252
0.9074249, 8.964172, 4.1959686
0.663208, 8.913879, 4.1648407
0.7242737, 8.891144, 4.3803253
0.68595886, 8.846848, 4.2270966
0.7098999, 8.889938, 4.178009
0.68237305, 9.021622, 3.7685852
-0.12210083, 8.4015045, 3.5794373
0.80207825, 8.960571, 3.7230988
1.187561, 9.062332, 4.722702
2.6779938, 9.9865265, 3.1616364
-1.1277008, 7.4138794, 4.176819
-0.19752502, 7.8951263, 6.2658234
-0.30407715, 7.71196, 6.4358063
0.17358398, 7.9741364, 6.3388367
-0.38667297, 7.5012665, 5.6349335
-0.62849426, 7.4785156, 6.0072327
-0.1484375, 7.653305, 6.024002
-0.08140564, 7.749069, 6.004837
-0.5901947, 7.072693, 6.3148956
1.1408691, 8.373978, 5.388321
0.58540344, 8.144119, 5.862381
0.81884766, 8.110611, 5.066284
0.47047424, 8.0303955, 6.0467377
0.6500397, 8.157288, 4.9992523
0.38787842, 8.028, 5.5918274
0.713501, 8.212357, 5.815689
0.4680786, 8.054337, 5.9509735
0.67160034, 8.080673, 5.460144
0.40463257, 7.9873047, 5.456558
0.5901947, 8.0854645, 5.685211
0.27774048, 8.10582, 5.7390747
0.2909088, 8.171661, 5.609787
0.27653503, 8.0854645, 5.3943024
0.16999817, 8.050751, 5.1381073
0.063446045, 7.881958, 4.855591
0.8786926, 8.454178, 5.053116
0.4189911, 8.144119, 6.119766
0.60575867, 8.121384, 4.8974915
0.5339203, 8.121384, 5.8887177
0.6692047, 8.115402, 5.6792145
0.6560364, 8.169266, 5.4505615
0.579422, 8.128571, 5.7498474
0.6512451, 8.153702, 5.348816
0.4932251, 8.065109, 5.6085815
0.713501, 8.232712, 5.9126587
0.77215576, 8.104614, 5.4493713
0.43455505, 8.320099, 5.5451355
0.34118652, 8.145325, 5.4110565
0.37590027, 8.197998, 5.3871155
0.41661072, 8.132156, 5.570282
0.5411072, 8.24469, 5.6026
0.26815796, 8.249481, 5.4888763
0.3675232, 8.300949, 5.235077
-0.23223877, 7.878357, 5.030365
0.1436615, 8.084274, 4.635315
0.50639343, 8.3224945, 6.0299835
0.47885132, 8.130951, 5.6049957
0.5303345, 8.14772, 5.4936676
0.579422, 8.084274, 5.949768
0.60575867, 8.158493, 5.3236694
0.6021576, 8.111801, 5.7725983
0.5722351, 8.1644745, 5.333252
0.4824524, 8.049545, 5.7295074
0.42259216, 8.123779, 5.6588745
0.84877014, 8.126175, 5.589432
0.7362366, 8.132156, 5.5487366
0.5913849, 8.025604, 5.388321
0.49201965, 8.084274, 5.6516876
0.35195923, 8.126175, 5.427826
0.48484802, 8.132156, 5.6995697
0.44055176, 8.153702, 5.537964
0.28970337, 8.152512, 5.4900665
0.2813263, 8.092651, 5.503235
0.28253174, 8.08667, 5.28656
0.16520691, 7.9741364, 4.9812927
0.5183563, 8.237503, 5.790558
0.34358215, 7.925049, 5.8719635
0.78053284, 8.141739, 5.7941437
0.6500397, 8.072296, 5.4421844
0.58540344, 8.000473, 5.7941437
0.57702637, 8.007645, 5.640915
0.59976196, 7.9897003, 5.8408356
0.7242737, 8.092651, 5.74028
0.65722656, 8.0303955, 5.709152
0.58898926, 8.081879, 5.080658
0.47885132, 8.012436, 6.484894
0.61772156, 8.096237, 5.2362823
0.6153259, 8.025604, 5.9988556
0.5865936, 8.153702, 5.3703613
0.28970337, 8.090256, 5.5247955
0.39865112, 8.114197, 5.6002045
0.44055176, 8.187225, 5.7654114
0.4872284, 8.224335, 5.534363
0.22865295, 8.230316, 5.496063
0.26696777, 7.984909, 5.358383
0.37471008, 8.048355, 4.916641
0.73983765, 8.346436, 5.610977
0.35075378, 8.093842, 5.948578
0.47286987, 8.117783, 5.360779
0.5949707, 8.073502, 5.7785797
0.6404724, 8.072296, 5.421829
0.6620178, 8.035187, 5.606201
0.5985718, 8.012436, 5.7582245
0.4465332, 7.977722, 5.7570343
0.673996, 8.002869, 6.0096283
0.62849426, 8.036377, 5.338043
0.43695068, 8.038773, 5.649292
0.35195923, 8.007645, 5.745056
0.5039978, 8.029205, 5.7725983
0.5219574, 8.06871, 5.7702026
0.36393738, 8.135742, 5.4505615
0.292099, 8.056732, 5.810898
0.25498962, 8.091446, 5.4266205
0.118515015, 7.8687897, 5.2494507
0.49082947, 8.212357, 5.2889557
0.31843567, 7.953781, 6.229904
0.8140564, 8.176453, 5.632538
0.62609863, 8.054337, 5.656479
0.58898926, 8.037582, 5.6433105
0.4573059, 7.980118, 5.755844
0.6296997, 7.9753265, 5.874359
0.6895447, 8.078278, 5.547531
0.55667114, 8.029205, 5.6636505
0.53752136, 8.042374, 5.8025208
0.5470886, 7.9908905, 5.7893524
0.58898926, 8.074692, 5.784561
0.4716797, 8.037582, 5.494858
0.36871338, 8.072296, 5.5606995
0.43096924, 8.083069, 5.685211
0.42378235, 8.097443, 5.8803406
0.42378235, 8.221939, 5.4505615
0.17956543, 8.0699005, 5.451767
0.33041382, 8.066315, 5.36557
0.26097107, 8.023209, 5.180008
0.5662384, 8.248276, 5.6026
0.28970337, 8.084274, 5.870758
0.5518799, 8.060333, 5.9030914
0.52793884, 8.033997, 5.5654907
0.57463074, 8.038773, 5.7031555
0.6500397, 7.9992676, 5.6468964
0.5159607, 7.9753265, 5.9030914
0.64764404, 8.036377, 5.6911926
0.5542755, 8.035187, 5.558304
0.66799927, 8.047165, 5.618164
0.57102966, 7.993286, 6.0096283
0.5075836, 8.042374, 5.6792145
0.57821655, 8.041168, 5.6085815
0.4716797, 8.017227, 5.60141
0.42977905, 8.063919, 5.6672516
0.39265442, 8.08905, 5.8983
0.3962555, 8.129761, 5.436203
0.2849121, 8.084274, 5.5750732
0.28253174, 8.111801, 5.4577484
0.30526733, 8.083069, 5.6995697
0.20350647, 7.937027, 4.769394
0.37231445, 8.111801, 5.68161
0.48843384, 8.079483, 5.9354095
0.55667114, 8.061523, 5.594223
0.5949707, 8.042374, 5.8575897
0.6225128, 7.922653, 5.673233
0.5865936, 7.981308, 5.9832916
0.7877197, 8.031601, 5.616974
0.5578613, 7.995682, 5.774994
0.47286987, 7.953781, 5.7067566
0.5722351, 7.9501953, 5.949768
0.6524353, 8.02681, 5.6935883
0.5901947, 7.938217, 5.7414703
0.42617798, 7.94899, 5.8097076
0.5123749, 7.9873047, 6.016815
0.6165314, 8.013641, 5.7103424
0.51356506, 7.9741364, 5.642105
0.38427734, 7.9753265, 5.610977
0.4465332, 7.981308, 5.814499
0.5578613, 7.9873047, 5.8527985
0.46089172, 8.067505, 5.4804993
0.2741394, 7.964554, 5.689987
0.4573059, 8.045959, 5.695984
0.3818817, 8.098633, 5.8360443
0.34118652, 8.098633, 5.290146
0.116119385, 7.8532257, 5.4302216
0.30526733, 8.041168, 5.1572723
0.54229736, 8.079483, 6.0383606
0.5016022, 8.059128, 5.4541626
0.29449463, 7.9310303, 6.161667
0.6416626, 7.952591, 5.547531
0.65722656, 7.995682, 5.824066
0.5949707, 7.938217, 5.692383
0.40463257, 7.9118805, 5.8719635
0.6117401, 7.922653, 5.782181
0.70033264, 8.016037, 5.6241455
0.544693, 7.9190674, 5.7330933
0.46209717, 7.946594, 5.955765
0.60813904, 7.9597626, 5.9150543
0.6380768, 8.001663, 5.695984
0.5039978, 7.980118, 5.672043
0.35554504, 7.9669495, 5.7618256
0.5075836, 7.9944763, 5.795349
0.45970154, 8.039978, 5.672043
0.36273193, 8.039978, 5.585846
0.29808044, 8.041168, 5.7103424
0.3603363, 8.017227, 5.5259857
0.31604004, 8.059128, 5.5283813
0.33280945, 8.047165, 5.597809
0.47406006, 8.062714, 5.68042
0.5506897, 8.152512, 5.7259064
0.42617798, 7.962158, 5.782181
0.6452637, 7.9992676, 5.7187195
0.7087097, 8.005264, 5.846817
0.5937805, 8.047165, 5.4577484
0.5506897, 7.945404, 5.755844
0.5470886, 7.9190674, 5.8887177
0.7386322, 8.031601, 5.8168945
0.6560364, 7.993286, 5.456558
0.5147705, 7.907089, 6.0024414
0.6404724, 7.969345, 5.893509
0.5411072, 7.995682, 5.798935
0.7075043, 8.004059, 5.697174
0.43815613, 7.9992676, 5.5571136
0.4932251, 7.917862, 6.0371704
0.5806122, 7.9980774, 5.6073914
0.45491028, 7.9705353, 5.709152
0.37471008, 8.038773, 5.649292
0.36154175, 8.028, 6.0144196
0.4584961, 8.078278, 5.476898
0.20231628, 7.946594, 5.6552734
0.19273376, 7.9873047, 5.451767
0.20710754, 7.897522, 5.5200043
0.5662384, 8.099838, 5.6313324
0.37350464, 7.8556213, 6.1891937
0.69433594, 7.960968, 5.6624603
0.65364075, 7.969345, 5.75943
0.56025696, 7.9310303, 5.870758
0.35195923, 7.862793, 5.925827
0.6703949, 7.898712, 5.929428
0.69314575, 7.941803, 5.7019653
0.5865936, 7.8999176, 5.798935
0.5949707, 7.9082947, 5.83844
0.5937805, 7.905899, 5.709152
0.66441345, 7.9202576, 5.752243
0.623703, 7.8879395, 5.800125
0.7063141, 7.9394226, 5.7630157
0.71588135, 7.9657593, 5.705551
0.63209534, 7.953781, 5.685211
0.5111847, 7.905899, 5.791748
0.673996, 7.9585724, 5.953369
0.67160034, 7.945404, 5.8336487
0.658432, 7.9286346, 5.6756287
0.42019653, 7.8891296, 6.044342
0.01675415, 8.028, 6.024002
-0.60336304, 8.569107, 5.1812134
-0.061050415, 8.036377, 5.964142
-0.33639526, 7.957367, 5.9282227
-0.2561798, 7.937027, 5.2494507
-0.28970337, 8.267426, 5.2578278
-0.4537201, 8.333267, 5.0243835
-0.92658997, 8.595444, 5.278183
-0.42019653, 8.651718, 4.134918
-0.80926514, 8.286591, 5.4457855
-0.24661255, 8.484116, 4.8340454
-0.292099, 8.4960785, 4.9010773
-0.252594, 8.390732, 5.187195
-0.3782959, 8.314117, 5.0435333
-0.33399963, 8.346436, 5.2135315
-0.24301147, 8.387146, 5.1824036
-0.29689026, 8.291367, 5.1393127
-0.120910645, 8.338058, 5.2063446
-0.20231628, 8.333267, 5.090225
-0.24900818, 8.326096, 5.1345215
-0.27653503, 8.237503, 5.461334
-0.15203857, 8.352432, 5.002838
-0.23344421, 8.340454, 5.4457855
-0.13407898, 8.2829895, 5.230301
-0.28611755, 8.182434, 5.2877502
-0.2693634, 8.224335, 5.7306976
-0.33280945, 8.269821, 5.183609
-0.2909088, 8.171661, 5.3943024
-0.28611755, 8.145325, 5.4972534
-0.19154358, 8.138138, 5.573868
-0.6404724, 8.287781, 4.919037
-0.67160034, 7.7849884, 4.8256683
-0.42138672, 7.883148, 5.972519
-1.0403137, 7.5371704, 6.618973
-1.2809296, 7.356415, 6.202362
-0.15322876, 7.7969513, 6.020401
-0.42259216, 8.044769, 5.377548
-0.8679199, 7.333664, 7.0954285
0.56744385, 7.9513855, 5.456558
-0.56744385, 7.886734, 5.901886
-0.6344757, 8.050751, 4.658066
0.13407898, 8.084274, 6.6082
-0.78411865, 7.8292847, 5.5571136
0.16760254, 7.79097, 6.0694885
0.09098816, 7.8532257, 5.8420258
0.7206726, 7.4342194, 6.0850525
-0.21788025, 7.5647125, 6.2634277
-0.31843567, 7.5084534, 5.6349335
-0.30047607, 7.55513, 6.647705
0.11732483, 7.325287, 6.848816
0.10295105, 7.3588104, 6.4082794
0.123306274, 7.373169, 6.6656647
-0.053878784, 7.3121185, 6.3424377
-0.15322876, 7.29895, 6.5267944
-0.06942749, 7.3193054, 6.6225586
-0.25379944, 7.2893677, 6.615387
-0.15083313, 7.4306335, 6.328064
-0.56025696, 7.247467, 6.620163
-0.38427734, 7.3719788, 6.2430725
-0.5626526, 7.227112, 6.261032
-0.42617798, 7.2498627, 5.9150543
-0.31604004, 7.345642, 6.1891937
-0.120910645, 7.283386, 7.3671875
-0.06942749, 7.203171, 6.465744
-0.18196106, 7.1385345, 7.026001
-0.14245605, 7.163666, 6.5674896
-0.025146484, 7.1145935, 7.0152283
-0.15203857, 7.1229706, 6.5782776
-0.21308899, 7.0714874, 6.970932
-0.017959595, 7.0403595, 6.883545
0.03352356, 7.066696, 6.8655853
0.034713745, 7.0643005, 6.7865753
0.022750854, 7.0319824, 6.735092
-0.16999817, 7.027191, 6.972122
0.22506714, 7.1397247, 6.776993
0.0861969, 7.0714874, 6.647705
0.0011901855, 7.088257, 7.113388
-0.14485168, 7.041565, 6.718338
0.05267334, 7.121765, 6.9817047
-0.09338379, 7.0906525, 6.699188
-0.12449646, 7.1002197, 6.666855
-0.01675415, 7.057129, 6.8979034
-0.0011901855, 7.1624756, 6.907486
-0.21069336, 7.2103577, 6.749466
-0.16999817, 7.2019806, 6.592636
-0.4189911, 7.066696, 6.7087555
-0.33639526, 7.1660614, 6.1173706
0.068237305, 7.271408, 6.84404
-0.20829773, 7.1337433, 7.0595245
-0.15322876, 7.1313477, 6.788971
-0.032318115, 7.116989, 7.0786743
0.049087524, 7.1349335, 6.522003
-0.1723938, 7.022415, 7.145706
-0.15682983, 7.0918427, 6.7674103
-0.116119385, 7.0714874, 6.9817047
-0.02633667, 7.08107, 6.623764
-0.1149292, 7.006851, 6.987686
-0.19393921, 7.0798645, 6.951782
-0.07421875, 7.0403595, 6.828476
-0.084991455, 7.00325, 6.7877655
0.044296265, 7.0750885, 7.0080414
-0.06225586, 7.0523376, 6.954178
0.02154541, 7.041565, 6.7291107
-0.015563965, 7.058319, 6.733902
-0.18914795, 7.137329, 6.7710114
-0.17118835, 7.101425, 6.893112
-0.27174377, 7.1493073, 6.699188
-0.43695068, 7.0439606, 6.572281
-0.2849121, 7.199585, 6.8021393
-0.42977905, 7.0798645, 7.0391693
-0.2059021, 7.216339, 6.359192
-0.5614624, 7.0475464, 6.814102
-0.40104675, 7.16127, 6.15329
-0.3280182, 7.1493073, 6.8655853
-0.0035858154, 7.2247314, 6.584259
-0.3603363, 7.018814, 6.8105164
-0.010772705, 7.125366, 7.1181793
-0.07661438, 7.08226, 6.8081207
-0.046691895, 7.0056458, 6.927841
-0.3531494, 6.9026947, 7.034378
-0.16041565, 7.0056458, 7.049942
0.10055542, 7.0595245, 6.7758026
-0.10534668, 6.948181, 6.951782
-0.32681274, 6.9457855, 7.011627
0.2346344, 7.011627, 7.069092
-0.092178345, 7.00325, 6.8787537
-0.14245605, 6.9757233, 6.867981
-0.0861969, 6.932617, 7.125366
-0.099365234, 7.014023, 6.859604
0.03352356, 7.0212097, 6.9769135
0.0023956299, 6.9421997, 6.8344574
-0.1663971, 7.0451508, 7.0008545
-0.17837524, 7.030792, 7.010437
-0.1436615, 7.0786743, 6.7362976
-0.23703003, 7.077469, 6.7638245
-0.25019836, 7.112198, 6.84404
-0.20350647, 7.1265564, 6.912277
-0.31604004, 7.182831, 6.776993
-0.29330444, 7.1109924, 6.5830536
-0.33998108, 7.1696625, 6.891922
-0.54229736, 6.9410095, 6.1365204
-0.26696777, 7.2606354, 6.797348
-0.1723938, 7.2055664, 6.769806
-0.12928772, 7.106201, 7.23909
-0.04548645, 7.113388, 6.5543213
-0.22625732, 7.011627, 7.175644
-0.070632935, 6.967346, 7.069092
-0.116119385, 6.9924774, 6.8967133
0.015563965, 7.0547333, 6.6524963
-0.11013794, 6.958954, 7.2019806
-0.020355225, 6.9817047, 6.888336
-0.015563965, 6.9529724, 6.883545
-0.0287323, 6.935013, 6.9098816
-0.05267334, 6.9529724, 7.0750885
-0.02154541, 6.9972687, 7.0750885
-0.056259155, 6.9817047, 7.029587
-0.23344421, 6.8907166, 6.8739624
-0.28611755, 7.0200195, 7.2139435
0.046691895, 6.9996643, 7.006851
-0.22146606, 7.0547333, 6.7231293
-0.41181946, 7.0080414, 6.9098816
-0.1663971, 7.1624756, 6.911072
-0.4932251, 7.0391693, 6.852417
-0.4357605, 7.1792297, 6.544754
-0.44532776, 7.1864166, 6.917053
-0.4070282, 7.1792297, 6.9421997
-0.5339203, 7.2654266, 5.961746
-0.7709503, 7.223526, 6.852417
-0.8332062, 7.294159, 6.1556854
-0.94215393, 7.2809906, 6.7518616
-0.92658997, 7.306137, 5.8875275
-0.98883057, 7.085861, 6.1089935
-0.15802002, 7.282181, 5.8959045
-0.35075378, 7.167267, 8.174057
-0.20950317, 7.0391693, 6.5160217
0.03591919, 7.08226, 7.120575
-0.13168335, 6.9649506, 7.168457
0.013168335, 6.8859406, 6.8512115
-0.063446045, 6.8787537, 7.3193054
-0.0035858154, 6.9290314, 6.884735
-0.11013794, 6.876358, 6.98291
-0.33639526, 6.824875, 7.112198
0.080215454, 6.8667755, 7.2211304
0.04069519, 6.917053, 6.9960785
0.0071868896, 6.8308716, 6.9852905
-0.20950317, 6.78537, 7.2606354
-0.017959595, 6.895508, 7.0080414
-0.015563965, 6.919449, 6.9338226
-0.094573975, 6.84523, 7.144516
-0.046691895, 6.899109, 7.0355835
-0.11013794, 6.911072, 6.6920013
0.0095825195, 6.8464355, 6.8308716
-0.015563965, 6.754242, 7.8184967
0.096969604, 6.8512115, 6.465744
-0.21548462, 6.9182587, 7.2570496
-0.1328888, 6.8967133, 6.620163
-0.3495636, 6.814102, 6.938614
-0.23942566, 6.8476257, 7.049942
0.02154541, 6.9685364, 6.792557
-0.19992065, 6.8631897, 7.2211304
-0.07901001, 6.8619843, 7.127762
-0.0071868896, 6.8344574, 7.16127
0.07661438, 6.86438, 6.9182587
-0.1616211, 6.793762, 7.164871
0.017959595, 6.891922, 7.14093
0.032318115, 6.860794, 6.914673
-0.04548645, 6.7602386, 7.254654
-0.3495636, 6.675232, 7.7538605
0.14126587, 6.9421997, 6.690796
-0.0011901855, 6.7949524, 7.4821014
-0.17837524, 6.8105164, 6.8464355
-0.111328125, 6.7997437, 7.275009
0.07182312, 6.917053, 6.84404
-0.16400146, 6.8356476, 7.1026154
-0.044296265, 6.891922, 7.057129
-0.20350647, 6.820099, 6.955368
-0.087387085, 6.852417, 6.970932
-0.1257019, 6.8907166, 6.690796
-0.10774231, 6.836853, 7.3324738
-0.03112793, 6.9457855, 6.848816
0.049087524, 6.8979034, 6.932617
-0.0047912598, 6.84404, 7.5922394
0.10774231, 7.0631104, 7.6269684
-0.20471191, 7.2917633, 6.2658234
-0.094573975, 7.7059784, 5.163254
-0.1663971, 7.743088, 5.831253
-0.35914612, 7.6628723, 6.1880035
-0.1484375, 7.617386, 6.8655853
-0.20231628, 7.409088, 5.269806
-0.07661438, 7.6042175, 7.5886536
-0.10295105, 7.764633, 4.860382
-0.26097107, 7.670059, 6.671646
0.1951294, 8.182434, 5.2566376
-0.87031555, 7.380356, 6.52919
-0.18675232, 7.925049, 5.874359
-0.3890686, 7.5527344, 6.020401
-0.38787842, 7.6054077, 6.1963806
-0.28611755, 7.5132294, 6.001251
-0.51356506, 7.4533844, 5.5140076
-0.6727905, 7.429428, 6.466934
-0.11972046, 7.514435, 6.1963806
-0.16400146, 7.444992, 6.3939056
-0.2621765, 7.4785156, 6.2310944
-0.17358398, 7.405487, 6.398697
-0.07182312, 7.4701385, 6.1760254
-0.14245605, 7.405487, 6.3544006
-0.10534668, 7.3600006, 6.4477844
-0.18914795, 7.4713287, 6.1520844
-0.20350647, 7.3947144, 6.23349
-0.099365234, 7.389923, 6.426239
-0.037109375, 7.349228, 6.4286346
0.056259155, 7.4342194, 6.45018
-0.09098816, 7.4030914, 6.257431
-0.16520691, 7.3983154, 6.5495453
-0.23703003, 7.4102783, 6.3927155
-0.13526917, 7.3947144, 6.4358063
-0.2813263, 7.4150696, 6.2705994
-0.061050415, 7.389923, 6.2861633
-0.331604, 7.3983154, 6.5674896
-0.36871338, 7.428238, 6.331665
-0.43455505, 7.321686, 6.3137054
-0.17837524, 7.4234467, 6.2155304
-0.4764557, 7.3049316, 6.422638
-0.29808044, 7.4390106, 5.9150543
-0.42378235, 7.2809906, 6.9098816
-0.12210083, 7.385147, 6.39151
-0.15802002, 7.3528137, 6.575882
-0.2166748, 7.3480225, 6.3029327
-0.37350464, 7.3360596, 6.561508
-0.053878784, 7.350418, 6.3651733
-0.09815979, 7.350418, 6.4597473
-0.24182129, 7.3073273, 6.6285553
-0.05506897, 7.4868927, 5.921036
-0.29808044, 7.3827515, 6.5950317
-0.12449646, 7.3875427, 6.043152
-0.13647461, 7.3444366, 6.8583984
0.056259155, 7.4066925, 6.3735657
-0.22984314, 7.3372498, 6.584259
-0.20950317, 7.405487, 6.2993317
-0.16520691, 7.3193054, 6.5148163
-0.3100586, 7.409088, 6.3651733
-0.42019653, 7.310913, 5.980896
-0.50279236, 7.3240814, 6.7135468
-0.37948608, 7.369583, 6.2514496
-0.4357605, 7.277405, 6.0455475
-0.44532776, 7.242676, 6.3939056
-0.14126587, 7.3983154, 6.5267944
-0.2693634, 7.3432465, 6.4908752
-0.25379944, 7.333664, 6.501648
-0.3100586, 7.290573, 6.6046143
-0.16760254, 7.333664, 6.352005
-0.2238617, 7.3157043, 6.592636
-0.27653503, 7.325287, 6.45018
-0.06465149, 7.3372498, 6.5351715
-0.12928772, 7.3193054, 6.3053284
-0.1328888, 7.3073273, 6.615387
-0.13168335, 7.3133087, 6.506439
-0.068237305, 7.3204956, 6.5507355
-0.034713745, 7.349228, 6.269409
-0.116119385, 7.3372498, 6.4789124
-0.28851318, 7.325287, 6.6082
-0.1771698, 7.3528137, 6.379547
-0.35195923, 7.2678223, 6.4609528
-0.27653503, 7.345642, 6.522003
-0.3028717, 7.345642, 6.624954
-0.3208313, 7.385147, 6.331665
-0.22506714, 7.1744385, 6.7530518
-0.17478943, 7.4773254, 5.989273
0.2011261, 7.749069, 7.952591
-1.1648102, 7.878357, 5.9868774
-0.39265442, 8.092651, 4.7729797
-0.39265442, 8.092651, 4.7729797
0.81166077, 9.071915, 2.4661102
0.26457214, 8.497284, 4.094208
0.39385986, 8.447006, 6.9733276
0.68356323, 8.399124, 4.713135
0.871521, 8.557144, 4.3527985
0.30766296, 8.333267, 5.437393
0.15322876, 8.291367, 5.4541626
0.20231628, 8.291367, 5.0088196
0.2118988, 8.308136, 5.5834503
0.13049316, 8.281799, 5.0315704
0.04788208, 8.146515, 5.2997284
0.22625732, 8.160889, 5.885132
-0.077819824, 8.217148, 5.109375
-0.3100586, 8.1644745, 5.593033
-0.06225586, 8.056732, 5.436203
0.049087524, 8.121384, 5.3272552
-0.31604004, 8.011246, 5.3787384
0.11013794, 8.18602, 5.231491
0.04309082, 8.060333, 5.846817
0.2705536, 8.197998, 5.4745026
0.06225586, 7.898712, 5.747452
0.39146423, 8.162079, 5.5810547
0.23223877, 8.059128, 5.861191
0.22027588, 8.098633, 5.4972534
0.25857544, 8.039978, 5.8492126
0.37231445, 8.074692, 5.582245
0.2909088, 7.9980774, 5.709152
0.2992859, 8.037582, 5.637314
0.2741394, 8.136948, 5.705551
0.23344421, 8.090256, 5.6516876
0.20350647, 8.103424, 5.5678864
0.18914795, 8.022018, 5.695984
0.2059021, 8.10582, 5.589432
0.15322876, 8.065109, 5.630142
-0.2693634, 8.080673, 5.274582
0.0011901855, 8.0303955, 5.810898
0.22027588, 8.1249695, 5.4577484
-0.029922485, 7.9154663, 5.5571136
-0.0035858154, 8.10701, 5.558304
-0.1484375, 8.0303955, 5.625351
0.0861969, 7.9873047, 5.2913513
-0.07661438, 7.993286, 5.7378845
0.13407898, 8.2039795, 5.3069153
-0.02154541, 7.984909, 5.91626
0.26696777, 8.132156, 5.329651
0.25379944, 8.120178, 5.909073
0.24182129, 8.128571, 5.5415497
0.15083313, 8.033997, 5.6995697
0.20950317, 8.108215, 5.650482
0.23344421, 8.06871, 5.6756287
0.08859253, 7.867584, 5.5762634
0.33041382, 8.054337, 5.807312
0.28730774, 8.08905, 5.8444214
0.24661255, 8.061523, 5.6026
0.17597961, 7.976532, 5.8839264
0.22267151, 8.083069, 5.6193695
0.082595825, 7.9394226, 5.8049164
0.120910645, 8.036377, 5.5020447
0.12809753, 8.029205, 5.8360443
0.15562439, 8.060333, 5.5439453
0.20710754, 8.10582, 5.6708374
0.07661438, 8.012436, 5.640915
0.013168335, 7.9441986, 5.20874
0.12210083, 7.977722, 5.317688
0.33520508, 8.175247, 5.854004
0.19273376, 8.033997, 5.989273
0.2633667, 8.170456, 5.4014893
0.070632935, 7.897522, 5.869568
0.3818817, 8.194412, 5.3476105
0.20950317, 7.984909, 5.972519
0.292099, 8.08667, 5.4493713
0.2693634, 8.097443, 5.862381
0.2406311, 8.06871, 5.656479
0.2561798, 8.053146, 5.68042
0.3244171, 8.102219, 5.7725983
0.31484985, 8.071106, 5.8121033
0.20710754, 8.017227, 5.5595093
0.2621765, 8.006454, 5.9198456
0.25857544, 8.049545, 5.7702026
0.2621765, 8.045959, 5.6708374
0.21429443, 7.92984, 5.8516083
0.31604004, 8.077087, 5.7235107
0, 7.995682, 5.8336487
0, 8.002869, 5.2757874
-0.089782715, 7.858017, 5.5200043
0.17358398, 8.104614, 5.5750732
0.14245605, 8.053146, 5.992874
0.2621765, 8.042374, 5.381134
0.24301147, 8.090256, 5.9665375
0.22746277, 8.127365, 5.479294
0.17597961, 8.038773, 5.83963
0.2633667, 8.0854645, 5.6540833
0.34358215, 8.054337, 5.8420258
0.1257019, 7.8927307, 5.589432
0.36871338, 8.061523, 5.786957
0.38787842, 8.073502, 5.742676
0.33639526, 8.077087, 5.877945
0.14605713, 7.962158, 5.496063
0.2849121, 8.081879, 5.9066772
0.22984314, 8.083069, 5.610977
0.09098816, 7.995682, 5.563095
0.1436615, 8.0854645, 5.776184
0.1544342, 8.081879, 5.6205597
0.111328125, 8.103424, 5.743866
-0.05027771, 8.025604, 5.4781036
-0.04309082, 7.969345, 5.487671
-0.080215454, 7.9657593, 5.1488953
0.10295105, 8.188416, 5.745056
0.1484375, 8.0699005, 5.7965393
0.3196411, 8.230316, 5.676819
0.13168335, 7.969345, 5.2051544
0.4537201, 8.211166, 5.666046
0.2514038, 8.208771, 5.7151337
0.28611755, 8.187225, 5.5044403
0.17118835, 8.132156, 5.4864807
0.39265442, 8.182434, 5.382324
0.24780273, 8.108215, 5.7534485
0.292099, 8.140533, 5.4026794
0.26576233, 8.207581, 5.68042
0.26815796, 8.237503, 5.499649
0.30766296, 8.129761, 5.62175
0.29449463, 8.150116, 5.4888763
0.25019836, 8.178848, 5.721115
0.23223877, 8.162079, 5.5834503
0.17956543, 8.159683, 5.499649
0.15083313, 8.111801, 5.695984
0.21429443, 8.218353, 5.36557
0.09098816, 8.077087, 5.5140076
0.16879272, 8.174057, 5.4505615
0.034713745, 7.992096, 5.5810547
0.23344421, 8.130951, 4.8819275
0.017959595, 7.9477997, 5.9545593
0.42977905, 8.273422, 5.314087
0.14126587, 8.007645, 5.99646
0.38069153, 8.2039795, 5.413452
0.2118988, 8.154907, 5.719925
0.3818817, 8.142929, 5.6840057
0.3136444, 8.091446, 5.5678864
0.2992859, 8.096237, 5.628937
0.2166748, 8.077087, 5.8671722
0.252594, 8.117783, 5.5523224
0.25738525, 8.138138, 5.5798645
0.1951294, 8.091446, 5.689987
0.23583984, 8.104614, 5.7187195
0.23583984, 8.029205, 5.711548
0.30526733, 8.128571, 5.697174
0.18077087, 8.084274, 5.855194
0.17597961, 8.111801, 5.3919067
-0.05506897, 7.9549713, 5.68042
0.1663971, 8.08786, 5.6085815
0.16760254, 8.037582, 5.747452
0.111328125, 8.111801, 5.412262
-0.09576416, 7.988495, 5.7175293
-0.061050415, 7.995682, 5.4014893
0.08380127, 8.042374, 5.6229553
0.2118988, 8.120178, 5.5415497
0.1951294, 8.120178, 5.9150543
0.19033813, 8.156097, 5.582245
0.080215454, 7.977722, 5.5571136
0.3028717, 8.139343, 5.6935883
0.28970337, 8.093842, 5.716324
0.073028564, 7.9106903, 5.6193695
0.30766296, 8.072296, 5.7941437
0.27893066, 8.091446, 5.795349
0.2238617, 8.08786, 5.427826
0.19633484, 7.9860992, 5.9042816
0.39146423, 8.145325, 5.6672516
0.22984314, 8.036377, 5.8647766
0.20231628, 8.025604, 5.5643005
0.19633484, 8.078278, 5.7414703
0.33041382, 8.096237, 5.791748
0.19393921, 8.050751, 5.6277466
0.11972046, 8.036377, 5.6792145
0.19752502, 8.0854645, 5.7414703
0.1376648, 8.053146, 5.5750732
0.04788208, 7.9501953, 5.424225
0.092178345, 7.9992676, 5.6516876
0.3100586, 8.175247, 5.7618256
0.094573975, 7.8843536, 5.625351
0.41540527, 8.102219, 5.8683624
0.23104858, 8.053146, 5.7295074
0.18435669, 8.019623, 5.7546387
0.19393921, 8.00885, 5.7019653
0.3603363, 8.062714, 5.68042
0.31604004, 8.011246, 5.874359
0.31604004, 8.020828, 5.6792145
0.31124878, 8.101028, 5.8671722
0.25738525, 8.08786, 5.68161
0.23344421, 8.078278, 5.7857666
0.23223877, 8.031601, 5.721115
0.24182129, 8.037582, 5.879135
0.20710754, 8.035187, 5.566696
0.19033813, 8.019623, 5.7259064
0.08140564, 7.945404, 5.9940643
0.22984314, 8.063919, 5.5140076
-0.027526855, 7.921463, 5.7690125
0.14126587, 8.056732, 5.5487366
-0.04788208, 7.77182, 5.75943
0.30766296, 8.057938, 5.2853546
0.015563965, 7.9825134, 6.0646973
0.22506714, 8.122574, 5.415848
0.1484375, 7.9789276, 5.9282227
0.23583984, 8.055542, 5.705551
0.2813263, 8.022018, 5.8635864
0.22267151, 7.9897003, 5.7031555
0.22267151, 8.014832, 5.8563995
0.41661072, 8.019623, 5.803726
0.35435486, 7.9549713, 5.9581604
0.16520691, 7.8639984, 5.6205597
0.37231445, 7.9860992, 5.81929
0.28970337, 7.984909, 5.909073
0.24661255, 8.005264, 5.6516876
0.26097107, 8.023209, 5.940201
0.32920837, 8.06871, 5.727112
0.1831665, 7.981308, 5.784561
0.22865295, 7.9430084, 5.8360443
0.21308899, 8.013641, 5.8911133
0.123306274, 7.992096, 5.508026
0.1544342, 7.9992676, 5.7893524
0.07421875, 7.9549713, 5.806122
0.10295105, 7.9561768, 5.5331726
-0.06942749, 7.782593, 5.487671
0.28253174, 8.16687, 5.5834503
0.15083313, 7.952591, 6.209549
0.3088684, 8.093842, 5.3835297
0.101760864, 7.937027, 6.0766754
0.35075378, 8.132156, 5.498459
0.23104858, 7.941803, 5.955765
0.23942566, 7.964554, 5.6756287
0.20710754, 8.001663, 6.0096283
0.1436615, 7.9274445, 5.400284
0.2909088, 8.006454, 6.024002
0.31843567, 8.038773, 5.810898
0.2561798, 7.960968, 5.821686
0.24661255, 7.914276, 5.721115
0.41540527, 7.9561768, 5.922241
0.24301147, 7.9741364, 6.034775
0.26457214, 7.957367, 5.618164
0.10295105, 7.953781, 5.9473724
0.25019836, 8.044769, 5.8288574
0.1376648, 7.8951263, 5.8911133
0.23823547, 7.957367, 5.752243
0.23104858, 8.020828, 5.845627
0.065841675, 7.8448486, 5.791748
0.11253357, 7.945404, 5.555908
-0.061050415, 7.7981567, 5.6516876
0.2406311, 8.062714, 5.826462
-0.013168335, 7.768219, 5.8575897
0.36154175, 8.031601, 5.7809753
0.2059021, 7.9106903, 6.0419464
0.36512756, 7.9430084, 5.7498474
0.3136444, 7.9789276, 5.99646
0.2741394, 7.995682, 5.630142
0.20231628, 7.886734, 5.9437866
0.3136444, 7.9346313, 5.83844
0.331604, 7.9394226, 6.019211
0.2849121, 7.86998, 5.846817
0.32681274, 7.9561768, 5.885132
0.25738525, 7.933426, 5.8683624
0.31484985, 7.940613, 5.9461823
0.2454071, 7.8017426, 5.9078674
0.3495636, 7.94899, 5.9306183
0.2238617, 7.905899, 5.9940643
0.19154358, 7.897522, 5.657669
0.077819824, 7.8651886, 5.9916687
0.21308899, 7.952591, 5.889923
0.18795776, 7.945404, 5.8025208
0.1149292, 7.8711853, 5.8085175
0.16520691, 7.941803, 5.826462
0.19273376, 7.9154663, 5.752243
0.15682983, 7.905899, 5.4972534
0.1663971, 7.9286346, 6.0646973
0.2849121, 7.9944763, 5.695984
0.12689209, 7.689209, 5.9976654
0.46209717, 7.962158, 5.810898
0.31843567, 7.874771, 6.095825
0.28730774, 7.905899, 5.795349
0.23823547, 7.9669495, 5.9509735
0.2801361, 7.9825134, 5.6636505
0.28253174, 7.9046936, 6.0491333
0.35554504, 7.9130707, 5.782181
0.31724548, 7.9190674, 5.99527
0.23104858, 7.846039, 5.858795
0.40344238, 7.9633636, 5.8647766
0.23104858, 7.8999176, 6.05632
0.28970337, 7.9286346, 5.845627
0.22267151, 7.838852, 5.941391
0.32203674, 7.9561768, 5.8683624
0.16999817, 7.8759613, 5.944977
0.24301147, 7.9513855, 5.650482
0.2166748, 7.9286346, 6.0778656
0.2011261, 7.964554, 5.7031555
0.13526917, 7.9657593, 5.7582245
0.11253357, 7.9190674, 5.8683624
0.21907043, 7.9992676, 5.7785797
0.05027771, 7.7706146, 5.570282
0.2011261, 8.218353, 5.011215
0.05267334, 7.969345, 6.1413116
0.37350464, 8.117783, 5.554718
0.18435669, 7.9633636, 6.016815
0.2454071, 8.118988, 5.5439453
0.03112793, 7.8999176, 5.8324585
0.03112793, 7.8999176, 5.8324585
0.03112793, 7.8999176, 5.8324585
0.03112793, 7.8999176, 5.8324585
0.49201965, 8.899521, 4.1169586
0.101760864, 8.584671, 5.6468964
0.40821838, 8.909103, 4.460541
0.75180054, 8.784592, 4.0223846
0.6560364, 8.618195, 5.317688
0.19752502, 8.607422, 4.746643
0.34477234, 8.832474, 4.035553
0.22506714, 8.71875, 4.792145
0.21548462, 8.679245, 4.5742645
0.28851318, 8.6996, 4.8029175
0.28611755, 8.63974, 4.6544647
0.22506714, 8.614609, 4.3300476
0.33280945, 8.557144, 5.0830383
0.5363159, 8.63974, 4.7310944
0.24301147, 8.419464, 4.855591
0.43336487, 8.637344, 4.9369965
0.28611755, 8.572708, 4.9693146
0.6727905, 8.423065, 4.954956
0.40344238, 8.514038, 5.281769
0.292099, 8.508057, 4.6604614
0.40344238, 8.492493, 5.187195
0.36273193, 8.624176, 4.8232727
0.3854828, 8.567917, 4.579056
0.68237305, 8.800156, 3.164032
2.6648254, 7.5287933, 10.072708
-0.5339203, 6.387924, 5.955765
-0.36631775, 7.0954285, 7.5108337
-3.1137543, 7.223526, 4.20195
-2.666031, 8.62178, 1.9908447
-1.692749, 9.768646, 3.8715363
-2.2147064, 9.043182, 6.572281
-2.3092804, 9.25267, 1.2593842
-2.134491, 9.371185, 1.2103119
-2.4996185, 9.03479, 3.310089
-1.3539581, 10.284607, 0.092178345
-3.657257, 8.807343, 0.11013794
-2.1632233, 9.739914, 0.529129
-0.5722351, 9.083878, 4.7562256
-2.094986, 9.80336, 2.603775
-1.0475006, 9.623795, 2.651657
-1.6352844, 9.513657, 1.8747101
-1.0917969, 9.468155, 2.2973022
-1.4964142, 9.737518, 1.5419159
-0.44055176, 9.674072, 2.2314606
-0.6727905, 9.483719, 2.205124
-0.8356018, 9.150925, 1.5718384
-0.30766296, 9.125778, 2.8503876
-0.69433594, 9.693222, 2.8515778
-0.3208313, 9.786606, 2.6887665
-0.1436615, 9.425064, 2.197937
1.6520538, 9.769836, 1.3970642
0.8655243, 8.34166, 4.406662
-0.35794067, 7.4461975, 8.733124
-0.68237305, 6.3939056, 8.414673
0.1257019, 6.935013, 7.4617615
0.2801361, 7.6664734, 5.2769775
-0.3818817, 7.215149, 6.217926
0.23823547, 6.954178, 7.1936035
-1.5790253, 6.506439, 7.3588104
0.702713, 7.389923, 8.512848
2.6552582, 5.8252716, 7.740692
1.1612244, 7.2019806, 5.318878
1.9070435, 5.8527985, 8.238693
3.59021, 5.4409943, 9.793777
0.80926514, 6.4609528, 6.9661407
0.92658997, 8.1489105, 4.225891
0.35195923, 8.382355, 4.761017
0.32562256, 8.810928, 4.6891937
0.04069519, 8.818115, 4.078644
0.79130554, 8.7379, 4.365967
0.26815796, 8.381165, 5.8635864
0.12210083, 8.291367, 5.8480225
0.1257019, 8.093842, 5.109375
0.30647278, 8.255463, 5.6145782
0.37231445, 8.072296, 5.60141
0.07421875, 8.028, 5.705551
0.32203674, 8.065109, 5.4936676
0.33639526, 8.049545, 6.068283
0.24182129, 8.102219, 5.4697266
0.14485168, 7.8520203, 5.7175293
0.26457214, 8.117783, 6.2239227
0.1663971, 8.202789, 4.7155304
-0.056259155, 8.013641, 6.1018066
-0.71588135, 7.9035034, 5.972519
0.30526733, 8.395523, 4.8591766
0.35794067, 8.405106, 5.180008
-0.123306274, 7.897522, 6.5555267
0.16520691, 8.285385, 5.297333
0.6021576, 8.508057, 4.683197
0.33520508, 8.300949, 5.553528
0.5159607, 8.338058, 5.073471
-0.04548645, 8.299759, 5.200363
-0.2346344, 8.350037, 5.417053
0.09098816, 8.427841, 5.200363
0.39865112, 8.412277, 5.1548767
-0.08140564, 8.346436, 5.092621
0.02154541, 8.4170685, 4.816086
-0.070632935, 8.329681, 5.3164825
0.13647461, 8.351227, 5.7103424
0.23823547, 8.394333, 5.0315704
-0.33399963, 7.9992676, 5.546341
0.096969604, 8.224335, 5.420639
0.111328125, 8.259048, 5.403885
0.120910645, 8.18602, 5.4014893
0.23942566, 8.273422, 5.262619
0.22146606, 8.171661, 5.413452
0.35914612, 8.190811, 5.254242
0.106552124, 8.054337, 5.992874
0.73983765, 8.297363, 5.554718
0.39027405, 8.320099, 5.3990936
0.35794067, 8.333267, 5.3009186
0.13647461, 8.196793, 5.922241
0.05267334, 8.238693, 5.092621
-0.104156494, 8.121384, 5.4182434
-0.05506897, 8.133347, 5.4709167
0.118515015, 8.247086, 5.5726776
-0.037109375, 8.224335, 5.3524017
-0.371109, 8.110611, 5.235077
-0.06942749, 8.113007, 5.4888763
-0.2118988, 8.256653, 5.594223
-0.041900635, 8.195602, 5.200363
0.08380127, 8.110611, 5.2566376
0.10055542, 8.2434845, 5.279373
0.12449646, 8.181244, 5.595413
0.22746277, 8.278198, 5.28656
0.35075378, 8.287781, 5.7414703
-0.068237305, 8.294968, 5.180008
0.010772705, 8.114197, 5.6840057
0.18556213, 8.311722, 5.515213
0.017959595, 8.159683, 5.640915
-0.04548645, 8.0699005, 5.037552
0.23104858, 8.231522, 5.530777
0.15682983, 8.2434845, 5.4625397
-0.05267334, 8.180038, 5.281769
0.2406311, 8.280594, 5.46373
0.3567505, 8.457779, 5.2769775
0.06465149, 8.115402, 5.20874
-0.53152466, 8.084274, 5.8839264
0.18196106, 8.350037, 5.1536713
0.37471008, 8.407501, 5.353592
0.015563965, 8.219543, 5.3116913
0.05506897, 8.272217, 5.382324
0.068237305, 8.268631, 5.2674103
-0.27893066, 8.249481, 5.3045197
-0.05986023, 8.333267, 5.4541626
0.09338379, 8.116592, 5.421829
0.07661438, 8.225525, 4.75383
-0.039505005, 8.1249695, 5.7342834
0.22146606, 8.4015045, 5.1309357
0.111328125, 8.195602, 5.6026
0.077819824, 8.215958, 5.2841644
0.044296265, 8.254257, 5.719925
0.19633484, 8.415878, 5.061493
0.02633667, 8.096237, 5.606201
0.123306274, 8.220749, 5.389511
0.1484375, 8.232712, 5.500839
0.2992859, 8.135742, 5.415848
0.24301147, 8.241089, 5.7151337
0.07661438, 8.170456, 5.571472
0.34477234, 8.214752, 5.3272552
0.35914612, 8.160889, 5.719925
0.13049316, 8.171661, 5.570282
0.1484375, 8.213562, 5.262619
0.0035858154, 8.083069, 5.632538
-0.01675415, 8.223145, 5.318878
0.1951294, 8.299759, 5.484085
-0.05267334, 8.142929, 5.2829742
-0.12210083, 8.163284, 5.640915
0.17956543, 8.315323, 5.334442
0.08380127, 8.178848, 5.2446594
-0.2346344, 8.10582, 5.080658
0.17956543, 8.128571, 5.5606995
-0.049087524, 8.24588, 5.3356476
-0.252594, 8.084274, 5.408661
0.23583984, 8.318909, 5.4972534
0.15203857, 8.146515, 5.499649
0.12449646, 8.192017, 5.3559875
0.21907043, 8.26265, 5.7103424
0.2813263, 8.312927, 5.2614136
0.0861969, 8.134552, 5.5750732
0.053878784, 8.196793, 5.4625397
0.17956543, 8.220749, 5.420639
0.073028564, 8.028, 5.421829
0.21548462, 8.220749, 5.448166
0.14485168, 8.193207, 5.6205597
0.12809753, 8.136948, 5.3751526
0.16041565, 8.130951, 5.52359
0.15802002, 8.1644745, 5.4230347
0.08859253, 8.188416, 5.3116913
-0.010772705, 8.127365, 5.4745026
0.058654785, 8.188416, 5.467331
0.17358398, 8.290176, 5.350006
0.01675415, 8.174057, 5.3512115
-0.20829773, 8.251862, 5.6241455
0.13407898, 8.227921, 5.085434
-0.34358215, 8.005264, 5.1979675
-0.30766296, 8.130951, 5.175232
-0.31245422, 8.050751, 6.083847
0.025146484, 8.091446, 5.231491
-0.16400146, 8.022018, 5.8911133
0.28372192, 8.171661, 5.5128174
-0.04069519, 7.9669495, 5.6516876
-0.015563965, 7.9477997, 5.7737885
0.089782715, 8.036377, 5.5678864
0.17358398, 8.056732, 5.4661255
0.123306274, 7.9430084, 5.9940643
0.2801361, 8.168076, 5.554718
-0.084991455, 7.957367, 5.6935883
-0.03831482, 7.9166718, 5.561905
0.118515015, 8.047165, 5.877945
-0.0011901855, 8.006454, 5.6947784
0.020355225, 7.898712, 5.956955
0.1663971, 8.023209, 5.727112
0.2118988, 8.104614, 5.6744385
-0.05506897, 7.9346313, 5.673233
-0.049087524, 7.9477997, 5.846817
-0.116119385, 8.032791, 5.5403595
-0.2118988, 7.9549713, 5.6983795
-0.1257019, 7.9860992, 5.650482
-0.1484375, 7.980118, 5.8516083
-0.21308899, 7.941803, 5.329651
-0.24900818, 7.9430084, 5.590637
-0.03831482, 7.981308, 5.865967
-0.053878784, 7.972931, 5.7725983
0.0287323, 8.000473, 5.610977
0.039505005, 7.9980774, 6.004837
0.10774231, 8.079483, 5.5331726
-0.0059814453, 7.9513855, 5.83844
0.05267334, 8.018433, 5.7103424
0.09576416, 7.988495, 5.577469
-0.14605713, 7.7299194, 5.7809753
0.1831665, 8.004059, 6.0060425
0.123306274, 7.992096, 5.3631744
-0.07901001, 7.8711853, 6.0251923
0.28611755, 8.000473, 5.933014
0.2561798, 8.080673, 5.790558
-0.03591919, 7.914276, 5.516403
-0.0095825195, 7.9358215, 5.8839264
0.037109375, 8.001663, 5.676819
-0.12809753, 8.006454, 5.555908
-0.20710754, 7.992096, 5.5846405
-0.19033813, 7.969345, 5.731888
0.25019836, 7.9980774, 5.9677277
-0.113723755, 7.8005524, 5.889923
-0.1376648, 7.859207, 5.6744385
-0.1616211, 7.7454834, 5.666046
0.09815979, 7.8795624, 4.6604614
-0.1616211, 7.342041, 6.8464355
-1.4102325, 7.283386, 6.7722015
0.104156494, 5.669647, 8.8624115
0.06704712, 4.399475, 11.053177
-0.3208313, 4.8436127, 8.4565735
0.28372192, 4.7837677, 8.450592
-1.5969849, 5.956955, 7.2211304
1.1516418, 4.2234955, 7.2738037
0.044296265, 6.1844177, 11.770248
-0.06225586, 6.9852905, 5.0351562
-1.9345703, 8.054337, 2.1404877
0.71588135, 8.487701, 3.5124054
-0.737442, 7.2678223, 7.85083
-2.3296356, 6.9613495, 7.1624756
-1.9465485, 7.6976013, 9.050354
-1.9597168, 7.429428, 5.259018
-0.71588135, 7.9837036, 5.309311
-0.9325714, 8.227921, 5.156067
-1.179184, 8.273422, 4.9645233
-1.2055206, 8.636154, 4.114563
-1.053482, 8.692413, 4.04393
-1.139679, 8.655304, 4.427017
-1.0858002, 8.524811, 3.7063446
-0.75061035, 9.31134, 2.9138336
-0.966095, 8.667282, 3.9158325
-1.1360779, 8.449402, 5.8121033
-1.2127075, 8.533203, 5.432617
-1.1372833, 8.321304, 4.931015
-0.73384094, 8.175247, 5.061493
-0.32920837, 8.334473, 5.369156
-1.1336823, 7.976532, 5.582245
-1.0247498, 7.9046936, 5.2721863
-0.7877197, 7.8603973, 5.858795
-1.1899567, 7.8603973, 5.988083
-1.1181335, 7.847229, 5.54274
-1.0510864, 7.6796417, 6.047943
-0.85235596, 8.054337, 5.68042
-1.0127716, 8.464966, 4.9836884
-1.5000153, 8.599045, 4.3384247
-1.148056, 8.93544, 3.9218292
-1.6819763, 8.587067, 4.449753
-1.5227661, 8.469742, 5.085434
-1.1815796, 8.521225, 4.597
-1.1348877, 8.637344, 4.758621
-1.3791046, 8.755859, 4.5503235
-1.1588287, 8.712769, 4.276169
-1.5766296, 8.497284, 4.484482
-1.3503723, 8.640945, 4.5168
-1.6915588, 8.375168, 5.1704407
-1.1181335, 8.50087, 4.5503235
-1.0905914, 8.431442, 5.092621
-1.3479767, 8.340454, 5.176422
-0.81166077, 8.255463, 4.600601
-1.2210846, 8.104614, 5.432617
-1.1492462, 7.964554, 5.6780243
-1.0331268, 8.063919, 5.2446594
-1.3204498, 8.012436, 5.2829742
-1.2809296, 7.937027, 5.535568
-1.2833252, 7.609009, 6.15448
-0.9684906, 7.577881, 5.922241
-1.1013641, 7.788574, 6.1245575
-1.1253052, 7.8340607, 5.7019653
-1.2450256, 7.677246, 6.0575104
-1.1336823, 7.7394867, 6.043152
-0.98524475, 7.7778015, 5.7893524
-1.6963501, 7.8843536, 4.7490387
-0.96728516, 7.4928894, 6.630951
-1.0163727, 7.751465, 5.456558
-1.4976196, 7.685623, 5.830063
-1.1289062, 7.8556213, 5.9916687
-1.1157379, 7.806534, 5.953369
-1.2282562, 7.7059784, 5.381134
-1.4736786, 7.4892883, 5.7103424
-1.1648102, 7.7371063, 5.8408356
-1.5886078, 7.5766754, 6.1006165
-1.3084717, 7.751465, 5.610977
-0.98643494, 7.905899, 5.83963
-1.55867, 7.5599213, 5.845627
-1.3467865, 7.3588104, 6.537567
-1.0307312, 7.649704, 5.9916687
-1.0486908, 7.8017426, 5.700775
-1.4281921, 7.7969513, 5.5750732
-1.1265106, 7.8999176, 5.613373
-1.1289062, 7.86998, 6.034775
-1.0941772, 7.8556213, 5.7582245
-0.99243164, 8.000473, 5.992874
-1.2462158, 7.6604767, 4.8436127
-2.6181335, 8.85762, 2.442154
-1.6963501, 9.347244, 2.2506256
-2.4637146, 9.475342, 0.42019653
-1.6065521, 9.282608, 2.5032196
-2.1476593, 8.840866, 3.624939
-2.4002533, 8.786987, 4.150482
-2.244629, 8.940216, 3.11615
-2.0028076, 8.933044, 3.3735352
-1.9680939, 8.7798, 2.4553223
-2.6073608, 8.75946, 4.067871
-2.5941925, 8.682831, 3.8009186
-1.613739, 7.648514, 4.6329193
-4.2390594, 10.963379, 1.5119781
-0.8535614, 8.946213, 0.6907501
0.34716797, 8.382355, 2.430191
0.8751068, 9.080292, 3.763794
4.0343475, 9.7854, 7.867584
2.8767242, 10.793396, 6.2514496
0.32562256, 7.9837036, -2.5666656
-0.6165314, 7.097824, -2.7546082
-0.53990173, 8.686432, -1.1229095
-1.1265106, 8.600235, -0.53512573
-0.41661072, 8.376373, -1.5371246
-4.587433, 14.473389, 8.154907
0.08380127, 8.930649, 2.9186249
5.834854, 8.867203, 3.645279
1.1157379, 8.035187, 3.3400116
1.9345703, 10.692825, 4.210327
1.9393616, 8.930649, 5.2530365
1.5239563, 9.043182, 3.672821
3.5722656, 8.526016, 3.8475952
5.14769, 8.296158, 5.4421844
2.6205292, 7.905899, 4.264206
2.7881317, 7.8735657, 6.2203217
2.7570038, 7.716751, 5.6756287
3.870346, 7.8603973, 4.0810394
2.0111847, 8.630157, 1.8208466
0.55667114, 10.556351, -0.911026
1.6269073, 9.421478, 2.8539734
0.6273041, 8.940216, 4.040344
2.6803894, 8.843262, 2.6456757
3.6105652, 9.082687, 3.246643
1.8412018, 8.613403, 3.6560516
2.5858154, 8.790573, 2.943756
3.1269226, 9.0755005, 2.9317932
2.9018555, 8.928253, 3.6620483
3.1508636, 9.002472, 3.4238129
3.0048218, 8.962967, 2.9700928
2.8587646, 8.893539, 2.9329834
3.1808014, 8.9964905, 2.9653168
3.2478333, 8.948608, 2.493637
3.1808014, 8.910294, 2.7198944
3.4705048, 8.886353, 2.8300323
3.1748047, 9.051559, 2.990448
4.8077087, 9.132965, 2.8072815
3.187973, 8.961777, 2.2733612
3.3974762, 9.064728, 2.4625092
3.3471985, 8.977341, 2.7953186
3.7506256, 9.039581, 2.619339
3.5004272, 8.825302, 2.6779938
3.1592407, 8.795364, 2.3463898
3.380722, 9.050354, 2.4996185
3.2945251, 8.924667, 2.7402496
3.0514984, 8.868393, 2.1129456
3.7554169, 8.960571, 2.7318726
3.5040283, 9.051559, 2.5654602
3.3759308, 8.9019165, 2.3715363
3.633316, 8.961777, 2.6456757
3.7901306, 9.049164, 2.7091217
3.4429626, 8.959381, 2.3451996
3.2167053, 8.974945, 2.3571625
3.7015533, 8.953384, 2.7079315
3.59021, 8.95459, 2.2937164
3.3172607, 8.868393, 2.399063
3.6656342, 8.992889, 2.382309
3.5650787, 9.012054, 2.5391235
3.7075348, 8.968948, 2.4002533
3.2550201, 8.906708, 2.4601135
3.3675537, 8.990509, 2.3739166
3.8475952, 9.092255, 2.4325867
3.7841492, 9.079086, 2.6396942
3.7542267, 9.027618, 2.469696
3.6201477, 8.992889, 2.2853394
3.2262878, 8.885147, 2.3643494
3.925415, 9.041977, 2.375122
3.8356323, 9.085083, 2.6552582
3.7697906, 8.991699, 2.26857
3.3914948, 8.962967, 2.3847046
3.6764069, 8.952194, 2.1919556
3.6548615, 8.930649, 2.3499756
3.4238129, 8.874374, 2.4002533
3.5339508, 8.968948, 2.320053
3.708725, 8.925858, 2.323639
3.286148, 8.864807, 2.2709656
3.614151, 8.880371, 2.1991425
3.440567, 8.930649, 2.5127869
3.767395, 8.992889, 2.2769623
3.5710602, 8.9414215, 2.342804
3.7159119, 8.948608, 2.3451996
3.5794373, 8.871979, 2.540329
3.8727417, 9.081482, 2.3404083
3.6764069, 8.978531, 2.4984283
3.4968414, 8.8624115, 2.366745
3.4884644, 8.868393, 2.3799133
3.7613983, 8.867203, 2.4409637
3.767395, 8.971344, 2.3727264
3.617752, 8.882767, 2.3607483
3.5997925, 8.946213, 2.3882904
3.8248596, 9.024017, 2.3284302
3.4944458, 8.85881, 2.3344116
3.736267, 8.962967, 2.1632233
3.641693, 8.881561, 2.5534973
3.7446442, 8.905502, 2.2554016
3.6261292, 8.898315, 2.3966675
3.6788025, 8.904312, 2.3811035
3.7530212, 8.933044, 2.4445496
3.680008, 8.939026, 2.2590027
3.7685852, 8.916275, 2.4086456
3.680008, 8.849243, 2.358368
3.6871796, 8.877975, 2.3727264
3.7781677, 8.913879, 2.430191
3.7290802, 8.931839, 2.4086456
3.7266846, 8.882767, 2.366745
3.688385, 8.895935, 2.3535767
3.7542267, 8.85881, 2.6863708
3.818863, 8.893539, 2.1117554
3.5602875, 8.855225, 2.3799133
3.7697906, 8.929443, 2.402649
3.751831, 8.888748, 2.2901306
3.708725, 8.865997, 2.335617
3.696762, 8.881561, 2.3715363
3.7889404, 8.899521, 2.3332214
3.8200684, 8.905502, 2.2434387
3.7207031, 8.869598, 2.2099152
3.6620483, 8.877975, 2.3607483
3.782959, 8.874374, 2.1081543
3.822464, 8.918671, 2.2661743
3.8200684, 8.911484, 2.3104706
3.743454, 8.924667, 2.3966675
3.948166, 8.922272, 2.3643494
3.8368225, 8.882767, 2.3248444
3.8021088, 8.863602, 2.2949066
3.7769623, 8.892334, 2.3451996
3.8691406, 8.978531, 2.3212433
3.822464, 8.903107, 2.2206879
3.8176727, 8.879166, 2.18956
3.8284454, 8.912689, 2.3415985
